y_true,y_pred,y_true_encoded,y_pred_encoded,prob_1,prob_2
1,1,0,0,0.98252684,0.01747318
2,2,1,1,0.47753906,0.52246094
1,1,0,0,0.91796875,0.08203125
1,1,0,0,0.9298578,0.07014224
1,1,0,0,0.68310547,0.31689453
1,1,0,0,0.69709545,0.30290458
1,1,0,0,0.9941975,0.0058024866
1,1,0,0,0.900714,0.09928602
2,1,1,0,0.75097656,0.24902344
2,1,1,0,0.53502566,0.46497437
1,1,0,0,0.9598731,0.040126942
1,1,0,0,0.9022887,0.097711325
1,1,0,0,0.75097656,0.24902344
1,1,0,0,0.83750457,0.16249542
2,1,1,0,0.9352044,0.064795606
2,1,1,0,0.7809524,0.21904762
1,1,0,0,0.75097656,0.24902344
1,1,0,0,0.89881605,0.101183936
1,1,0,0,0.94149244,0.058507554
1,1,0,0,0.9214992,0.07850079
1,1,0,0,0.6821289,0.3178711
1,1,0,0,0.96962297,0.030377004
2,2,1,1,0.42543325,0.5745668
2,1,1,0,0.74481076,0.25518927
1,1,0,0,0.88389695,0.11610304
1,1,0,0,0.939798,0.060201995
1,1,0,0,0.78798974,0.21201025
2,2,1,1,0.39809617,0.60190386
1,1,0,0,0.8665934,0.13340656
2,1,1,0,0.5703125,0.4296875
2,1,1,0,0.99171436,0.008285649
1,1,0,0,0.75097656,0.24902344
1,1,0,0,0.75097656,0.24902344
1,1,0,0,0.88747865,0.11252136
1,1,0,0,0.6793651,0.32063493
2,1,1,0,0.72540885,0.27459118
1,2,0,1,0.49951172,0.5004883
1,1,0,0,0.5797314,0.42026863
1,1,0,0,0.98039395,0.019606048
1,1,0,0,0.6510379,0.34896216
1,1,0,0,0.7083232,0.29167685
1,1,0,0,0.8178711,0.1821289
1,1,0,0,0.8941521,0.10584788
1,1,0,0,0.75097656,0.24902344
1,1,0,0,0.9907302,0.009269785
1,2,0,1,0.28271484,0.71728516
2,1,1,0,0.53515625,0.46484375
1,1,0,0,0.98252684,0.01747318
1,1,0,0,0.9849234,0.015076604
1,1,0,0,0.87217677,0.12782322
2,1,1,0,0.57505494,0.4249451
1,1,0,0,0.8157284,0.18427159
1,1,0,0,0.8665934,0.13340656
1,1,0,0,0.9239409,0.07605909
1,1,0,0,0.7640669,0.23593311
1,1,0,0,0.8045893,0.19541071
2,2,1,1,0.48583984,0.51416016
1,1,0,0,0.75097656,0.24902344
1,1,0,0,0.9214992,0.07850079
1,1,0,0,0.77666587,0.22333415
1,1,0,0,0.8011717,0.19882827
1,1,0,0,0.96962297,0.030377004
1,1,0,0,0.9941975,0.0058024866
1,1,0,0,0.9907302,0.009269785
1,1,0,0,0.92165,0.078350015
1,1,0,0,0.76660156,0.23339844
1,2,0,1,0.48059556,0.5194045
1,1,0,0,0.88492763,0.11507234
1,1,0,0,0.75097656,0.24902344
1,2,0,1,0.4453125,0.5546875
2,1,1,0,0.9214992,0.07850079
1,1,0,0,0.75097656,0.24902344
1,1,0,0,0.7789988,0.22100122
1,1,0,0,0.98252684,0.01747318
1,1,0,0,0.8319297,0.1680703
2,1,1,0,0.6793651,0.32063493
2,1,1,0,0.6669922,0.3330078
1,1,0,0,0.91503906,0.08496094
1,1,0,0,0.83369964,0.16630037
2,1,1,0,0.8157284,0.18427159
1,1,0,0,0.79541016,0.20458984
1,1,0,0,0.96956384,0.030436175
1,1,0,0,0.9659382,0.034061775
2,1,1,0,0.54212457,0.45787546
1,1,0,0,0.8045893,0.19541071
1,1,0,0,0.98208344,0.017916553
1,1,0,0,0.93250334,0.06749664
1,1,0,0,0.8157284,0.18427159
1,1,0,0,0.84336466,0.15663533
1,2,0,1,0.38183594,0.61816406
1,2,0,1,0.4140625,0.5859375
2,2,1,1,0.47851562,0.5214844
1,1,0,0,0.8151404,0.18485959
1,1,0,0,0.8045893,0.19541071
1,1,0,0,0.86844033,0.13155968
2,2,1,1,0.30859375,0.69140625
2,1,1,0,0.5332031,0.46679688
1,1,0,0,0.7628816,0.23711844
1,1,0,0,0.6225586,0.3774414
1,1,0,0,0.8157284,0.18427159
1,1,0,0,0.9907302,0.009269785
2,2,1,1,0.36083984,0.63916016
2,1,1,0,0.66064453,0.33935547
2,1,1,0,0.9941975,0.0058024866
1,2,0,1,0.4116211,0.5883789
1,1,0,0,0.8031246,0.19687538
2,1,1,0,0.92767775,0.07232225
1,1,0,0,0.9214992,0.07850079
1,1,0,0,0.72540885,0.27459118
2,1,1,0,0.72283274,0.2771673
1,1,0,0,0.7995116,0.2004884
1,1,0,0,0.94361854,0.056381453
1,1,0,0,0.95599633,0.04400366
