y_true,y_pred,y_true_encoded,y_pred_encoded,prob_1,prob_2,prob_3
2,3,1,2,0.17899758843689956,0.39834042795790875,0.4226619836051917
1,3,0,2,0.06517521228151968,0.2068027873601376,0.7280220003583427
1,1,0,0,0.9960507535644167,0.003123555317465197,0.0008256911181181413
1,1,0,0,0.9493719809604205,0.03870787694575777,0.011920142093821664
3,3,2,2,0.31212541715882375,0.006880042317706819,0.6809945405234694
3,1,2,0,0.4361721102297873,0.18926697109426485,0.3745609186759478
1,2,0,1,0.019697747147637827,0.5425701510707213,0.4377321017816408
3,1,2,0,0.4621703325885,0.3840813757327192,0.15374829167878082
3,3,2,2,0.12956295773828097,0.07473775742560383,0.7956992848361153
3,2,2,1,0.0953469039630657,0.7608821953715198,0.14377090066541448
1,3,0,2,0.10058256200240405,0.12243305989958744,0.7769843780980085
1,1,0,0,0.7419964362862908,0.16011680282036064,0.09788676089334859
1,3,0,2,0.2511714765061264,0.13563364875730974,0.6131948747365639
1,3,0,2,0.07576161053268056,0.00040023099481552695,0.923838158472504
2,2,1,1,0.09329364127916559,0.5023511379253982,0.4043552207954363
1,1,0,0,0.999131261268748,0.0005133830492586917,0.0003553556819932365
1,1,0,0,0.9781095068144604,0.0017312163519755564,0.02015927683356404
1,1,0,0,0.9739079921079062,0.005524845137649805,0.020567162754443962
3,3,2,2,0.005543339230398262,0.07856757832507881,0.9158890824445229
3,1,2,0,0.36492274719541706,0.3326711167117275,0.30240613609285544
1,1,0,0,0.8571960903712796,0.06944095347265898,0.07336295615606132
3,2,2,1,0.036435070602812265,0.7150797854895724,0.24848514390761534
3,3,2,2,0.3274718231323891,0.21404387832040941,0.4584842985472014
1,1,0,0,0.5825062341934186,0.27971294308950484,0.13778082271707665
2,2,1,1,0.019505008162204494,0.7832262142231788,0.19726877761461672
1,3,0,2,0.1481141645104705,0.008329383159909852,0.8435564523296197
3,3,2,2,0.005095609145146698,0.0005775266714331482,0.9943268641834202
1,1,0,0,0.9966706689936704,0.00048338060637404304,0.0028459503999554896
1,3,0,2,0.3697584789329693,0.22604826201794895,0.4041932590490817
1,1,0,0,0.793725938122737,0.07401255347882671,0.13226150839843642
1,3,0,2,0.4599652551713807,0.017936033534408372,0.5220987112942109
1,1,0,0,0.8704289613252886,0.10641806477981688,0.02315297389489444
1,1,0,0,0.9118679702539454,0.0262156953902096,0.06191633435584493
1,2,0,1,0.09259580668074406,0.8073085275419778,0.10009566577727806
3,3,2,2,0.14833753832697988,0.03869409248865423,0.8129683691843659
1,3,0,2,0.028760914567690327,0.02701842079081516,0.9442206646414945
1,2,0,1,0.2913286773343695,0.5655278887453539,0.1431434339202765
3,1,2,0,0.5775483603443858,0.12814416518391727,0.29430747447169675
1,1,0,0,0.7110624456079767,0.019042334842195686,0.2698952195498276
3,2,2,1,0.005685912965201941,0.9489840098083079,0.04533007722649009
1,2,0,1,0.3345928440779965,0.34981054435184045,0.31559661157016305
2,2,1,1,0.010485154443026586,0.6243858494595476,0.3651289960974258
3,1,2,0,0.6814847521133294,0.007559569089374045,0.3109556787972966
1,1,0,0,0.9994624727250789,3.0141297841103924e-05,0.0005073859770800746
2,1,1,0,0.9903428171616818,0.004184016018812053,0.00547316681950613
2,1,1,0,0.6792365157675258,0.1085231989197043,0.21224028531277003
1,1,0,0,0.9901742824422455,0.0014770601126950322,0.008348657445059658
2,2,1,1,0.10351783846086486,0.4544213943063036,0.44206076723283155
1,1,0,0,0.5929173936716507,0.27685987570807985,0.1302227306202695
3,1,2,0,0.8275605804076706,0.0033483145151753085,0.16909110507715408
3,3,2,2,0.3914342332223987,0.12483511307646104,0.48373065370114043
1,3,0,2,0.0422019559750692,0.0062347430965677955,0.951563300928363
2,1,1,0,0.8680448100828619,0.11373681181832847,0.018218378098809676
1,1,0,0,0.9866485617156211,0.0043543646899528304,0.008997073594426057
2,2,1,1,0.03978446347688004,0.8323633604856029,0.12785217603751714
1,1,0,0,0.583933891066152,0.02002883233367855,0.3960372766001695
1,3,0,2,0.30302644317918587,0.0494376500424365,0.6475359067783776
3,3,2,2,0.13190562378266835,0.006276323278602319,0.8618180529387295
1,3,0,2,0.1444108044353195,0.33668807882526663,0.5189011167394139
2,1,1,0,0.6624924301811471,0.006078128331448573,0.33142944148740444
3,1,2,0,0.7564108996638496,0.0651537260647732,0.17843537427137715
3,1,2,0,0.6630297292414972,0.09179925198020362,0.24517101877829933
1,1,0,0,0.9456446192879079,0.008267007657181831,0.04608837305491019
1,2,0,1,0.31333645528296244,0.4063750096401391,0.2802885350768984
2,2,1,1,0.19495969311228412,0.7566965670800406,0.04834373980767537
2,2,1,1,0.03218063300828002,0.5336737846272055,0.4341455823645145
1,1,0,0,0.9776137416313344,0.021072640017523986,0.001313618351141494
2,3,1,2,0.017560698406898775,0.18023274203279244,0.8022065595603088
2,1,1,0,0.5826666805500372,0.386897109834829,0.030436209615133686
2,3,1,2,0.21458572875375553,0.25287936230353236,0.5325349089427122
1,1,0,0,0.8430809510275389,0.024184502756561185,0.13273454621589997
3,2,2,1,0.0235255630858955,0.6343152754696381,0.34215916144446645
1,2,0,1,0.07565290857849438,0.5188027077371409,0.4055443836843648
1,3,0,2,0.15633281889162665,0.07967981419008806,0.7639873669182853
1,3,0,2,0.16201985334794225,0.15852342609383624,0.6794567205582214
2,1,1,0,0.7145608600120106,0.2833805021155584,0.002058637872431124
3,3,2,2,0.15875122404750525,0.38629709203630486,0.45495168391618984
1,1,0,0,0.9749413415209991,0.0007944330538359722,0.024264225425164918
3,2,2,1,0.05029844975918172,0.8747252040523564,0.07497634618846188
3,2,2,1,0.19951447808259623,0.7928775471414914,0.007607974775912436
3,2,2,1,0.194861685046892,0.541967144593165,0.2631711703599431
3,1,2,0,0.6867460200790412,0.21874447126082006,0.09450950866013867
2,2,1,1,0.03384735006393788,0.8512756527586808,0.11487699717738134
3,3,2,2,0.26307961511982103,0.28887809577424417,0.4480422891059348
3,3,2,2,0.1552480672008052,0.312149888440575,0.5326020443586198
3,3,2,2,0.033783674963014355,0.14772726954746243,0.8184890554895232
1,1,0,0,0.7915542525517812,0.007302736927335169,0.2011430105208836
3,2,2,1,0.009396100928807587,0.9638849385112914,0.026718960559901115
3,3,2,2,0.12739167217294875,0.39793722435437934,0.47467110347267194
3,3,2,2,0.27042335432185405,0.14915833639464268,0.5804183092835032
3,3,2,2,0.21822620155472824,0.03857550956694889,0.743198288878323
1,1,0,0,0.9993058004443292,0.0002099457584551221,0.0004842537972156987
1,3,0,2,0.059110408153361584,0.10030230310003703,0.8405872887466015
2,2,1,1,0.27578096217371234,0.6508961679958462,0.07332286983044145
3,1,2,0,0.5268189154557299,0.11041583676479126,0.36276524777947877
1,1,0,0,0.946015248646688,0.005640452826436616,0.04834429852687557
1,1,0,0,0.696719366010388,0.027679533212581993,0.27560110077703004
2,3,1,2,0.1348823032481138,0.37531543015183505,0.48980226660005105
1,1,0,0,0.9383330749804031,0.007999344862622026,0.05366758015697483
3,3,2,2,0.14246331846845475,0.4273591397723749,0.43017754175917033
1,2,0,1,0.20020475988953165,0.5127160693025907,0.28707917080787754
2,2,1,1,0.13630234102198602,0.7404549679958395,0.12324269098217445
3,3,2,2,0.1017383861455036,0.14326349353136084,0.7549981203231356
3,3,2,2,0.27326363205266274,0.07757593421793718,0.6491604337294
2,2,1,1,0.019060316877697953,0.5715443344237896,0.40939534869851246
3,3,2,2,0.27679510709189026,0.004312082001686384,0.7188928109064234
2,3,1,2,0.2223284026797983,0.047936274369469414,0.7297353229507323
3,1,2,0,0.7367029839168522,0.039278752493785096,0.2240182635893627
3,1,2,0,0.5168120998276303,0.009710847133128775,0.473477053039241
3,2,2,1,0.0333062464961973,0.860220368410473,0.10647338509332974
1,3,0,2,0.4675495361577381,0.002999903172644494,0.5294505606696174
1,1,0,0,0.9620931912570633,0.005053588686998076,0.032853220055938596
1,3,0,2,0.44376564736188107,0.017777351946897963,0.5384570006912209
1,1,0,0,0.694323704405535,0.00044830883180454936,0.3052279867626604
3,3,2,2,0.046941566667485835,0.24527203215637047,0.7077864011761438
2,1,1,0,0.7940332862032776,0.1242315720353094,0.08173514176141296
3,1,2,0,0.8321725368866805,0.05006169332875005,0.11776576978456961
3,3,2,2,0.39917514495983497,0.006693994076644201,0.5941308609635209
1,1,0,0,0.9053742085509419,0.014886386256216322,0.07973940519284181
3,1,2,0,0.49898184885435726,0.28133347653034163,0.21968467461530108
2,3,1,2,0.11131638559344367,0.43514660361647245,0.453537010790084
2,3,1,2,0.016363192863487783,0.3730878547418233,0.6105489523946889
2,1,1,0,0.9728970657802094,0.01723759153762269,0.009865342682167799
1,3,0,2,0.32096394117650145,0.19031876350262528,0.4887172953208734
2,1,1,0,0.6203328069648435,0.07634247415844911,0.3033247188767074
2,1,1,0,0.5024600548745025,0.32460367276747154,0.17293627235802594
2,1,1,0,0.9812831208451063,0.012300446785471946,0.006416432369421907
1,1,0,0,0.9652884208967097,0.016086231583875323,0.018625347519414723
3,1,2,0,0.703851018374464,0.042560955442266755,0.25358802618326926
3,1,2,0,0.6764431659706233,0.015462798310671218,0.3080940357187056
2,1,1,0,0.8544970863546193,0.0901653858664367,0.05533752777894391
1,1,0,0,0.5182244238093959,0.011774563128599464,0.47000101306200465
2,2,1,1,0.24914672503846585,0.38547833263918446,0.3653749423223498
1,1,0,0,0.45780492741610984,0.24505875514295447,0.2971363174409357
3,3,2,2,0.03903015899379254,0.38438316638391296,0.5765866746222946
1,1,0,0,0.9996950891245621,9.08029938404424e-05,0.00021410788159739364
3,3,2,2,0.04649609530530601,0.09191398102318854,0.8615899236715054
1,1,0,0,0.8530576676515375,0.01726689418730991,0.1296754381611527
3,1,2,0,0.4395507101466464,0.39216075766488095,0.1682885321884726
1,2,0,1,0.10927767812511895,0.8270368550765278,0.06368546679835331
3,3,2,2,0.15859002020919272,0.3443109519194954,0.4970990278713119
1,1,0,0,0.9968312485025583,0.00015343427190319796,0.0030153172255384768
2,3,1,2,0.04644231162495925,0.3126183964921721,0.6409392918828687
2,2,1,1,0.06179507476162651,0.5097640766982212,0.42844084854015224
3,3,2,2,0.2441209415546076,0.07977466630662824,0.6761043921387643
1,1,0,0,0.9840888714023388,0.006611895191469391,0.009299233406191746
1,1,0,0,0.9986165251407214,0.0006433097577733442,0.0007401651015052577
3,3,2,2,0.18880672310957822,0.1086060774293317,0.7025871994610902
1,1,0,0,0.8842467957998981,0.10932831288515511,0.006424891314946867
3,3,2,2,0.02154768220595055,0.008584045587350925,0.9698682722066986
1,1,0,0,0.938623063299844,0.03090207338342003,0.03047486331673602
3,1,2,0,0.543808094764636,0.041686375280571515,0.41450552995479245
1,3,0,2,0.03925536093129884,0.014850838259050762,0.9458938008096504
3,3,2,2,0.4233436635965816,0.006005382925388731,0.5706509534780296
3,3,2,2,0.04086524888050158,0.06369491748211067,0.8954398336373878
2,3,1,2,0.05417945917909614,0.25391714146369654,0.6919033993572072
2,1,1,0,0.6382457585926656,0.20382123886593856,0.15793300254139583
1,1,0,0,0.9982062684487792,0.0010235355450387306,0.0007701960061820842
1,1,0,0,0.9571358528280262,0.029407852237545593,0.013456294934428164
1,3,0,2,0.32554154629852644,0.01685319274592506,0.6576052609555486
2,2,1,1,0.15889757733749948,0.46549178594334867,0.3756106367191517
3,2,2,1,0.3091784869807857,0.4832569994092394,0.20756451360997483
3,2,2,1,0.21700675482907872,0.655768268373412,0.12722497679750924
1,1,0,0,0.947510490800045,0.007662072337729616,0.044827436862225345
2,1,1,0,0.46527192611540324,0.09573781210214413,0.43899026178245254
1,1,0,0,0.9898923745946139,0.0056159133926366265,0.004491712012749585
1,2,0,1,0.13078830439042005,0.7679756906268279,0.10123600498275201
1,1,0,0,0.940712688190196,0.0010134783324636143,0.058273833477340276
1,1,0,0,0.8811398700450876,0.11161042016110889,0.007249709793803538
1,1,0,0,0.9453649988611568,0.0470191035517041,0.007615897587139154
1,1,0,0,0.8620011240634666,0.008594995930922293,0.12940388000561104
2,2,1,1,0.06228587393562973,0.5483574902540719,0.38935663581029833
2,3,1,2,0.1626388667709127,0.16481633778893245,0.6725447954401548
2,3,1,2,0.27291064285146494,0.04152151014106528,0.6855678470074698
1,1,0,0,0.6410118685725157,0.10058089687351479,0.25840723455396947
3,1,2,0,0.6430707572903048,0.24892650848699707,0.10800273422269818
3,2,2,1,0.4062448839701583,0.5647193739812233,0.02903574204861839
1,1,0,0,0.8519628877073224,0.01727895037646276,0.13075816191621467
1,1,0,0,0.9983437005862854,0.0007002425530028691,0.0009560568607117385
2,2,1,1,0.10340987732147887,0.6386131911919921,0.25797693148652895
2,2,1,1,0.16824081530777296,0.8057370521613476,0.026022132530879323
3,2,2,1,0.4197919199763447,0.5402307869383703,0.03997729308528492
3,3,2,2,0.002142838467025449,0.0120698145755151,0.9857873469574594
1,1,0,0,0.9969041138777325,0.0017661476432203826,0.0013297384790470598
1,1,0,0,0.5254400590179599,0.06587955461328637,0.4086803863687537
1,1,0,0,0.9931623433492605,0.0037246375125807923,0.0031130191381586437
3,3,2,2,0.19722527282071564,0.29564068286741474,0.5071340443118696
2,1,1,0,0.40176767515841455,0.2541675862877275,0.344064738553858
3,1,2,0,0.6420677263727819,0.013268058416654942,0.34466421521056323
1,1,0,0,0.8898036851272461,0.003723526425144379,0.10647278844760959
2,2,1,1,0.1439961227085198,0.6281077718244543,0.22789610546702577
1,1,0,0,0.5588961951078841,0.2809103891709599,0.16019341572115597
1,3,0,2,0.09712169706573434,0.15420477682227202,0.7486735261119936
2,1,1,0,0.9433492711135809,0.007329445703408956,0.04932128318301025
3,3,2,2,0.0425268563567646,0.0006410871043351048,0.9568320565389004
3,1,2,0,0.6341137660409614,0.34341590093197083,0.022470333027067753
2,2,1,1,0.0848492563214104,0.47024010716039993,0.4449106365181896
3,1,2,0,0.4985108652188368,0.39760241443617167,0.10388672034499155
3,3,2,2,0.43278441250070754,0.11953463651874333,0.44768095098054905
3,1,2,0,0.5687892276909583,0.021635611447508335,0.40957516086153334
1,1,0,0,0.9742943240123858,0.0026400546851545483,0.023065621302459573
3,3,2,2,0.017305706771621385,0.15856126816988045,0.8241330250584982
1,1,0,0,0.9478708304947172,0.0004816473359166467,0.05164752216936624
3,1,2,0,0.5024600548745025,0.32460367276747154,0.17293627235802594
3,1,2,0,0.8545324873091147,0.051520244267935486,0.09394726842294993
3,2,2,1,0.019060316877697953,0.5715443344237896,0.40939534869851246
2,3,1,2,0.1730851864079396,0.01998117420893388,0.8069336393831265
3,2,2,1,0.02884334641866605,0.9010423929442594,0.07011426063707445
2,1,1,0,0.7411610137056108,0.0005533848274433766,0.25828560146694574
1,3,0,2,0.0049635028026365985,0.09218964722831617,0.9028468499690472
1,2,0,1,0.022484594268781133,0.9315251308218829,0.0459902749093359
3,1,2,0,0.761989348016781,0.017544628888895908,0.22046602309432323
3,3,2,2,0.060522354233660675,0.034541851718313324,0.904935794048026
1,1,0,0,0.9330269787243033,0.037342098190728805,0.029630923084967897
3,2,2,1,0.17665743414590943,0.5072892871550164,0.31605327869907424
1,3,0,2,0.02587905272639907,0.06000085822046927,0.9141200890531317
2,1,1,0,0.6838214522961897,0.2193691143834921,0.09680943332031815
1,3,0,2,0.31631211110797564,0.26426771112344627,0.41942017776857804
1,1,0,0,0.5993053763452275,0.34495947144666983,0.05573515220810273
1,1,0,0,0.999131261268748,0.0005133830492586917,0.0003553556819932365
2,2,1,1,0.003936563255905976,0.9034547084284756,0.09260872831561859
