endpoint,model_name,n_cancers,mean_delta,ci_low,ci_high
extreme_os,autogluon,4,-0.01628984420584506,-0.07201832010731117,0.04509349795141046
extreme_os,catboost,4,-0.0015036877058875325,-0.052406376954879,0.04786655856721553
extreme_os,lightgbm,4,-0.013436410978615837,-0.06939435246339752,0.04426372335126776
extreme_os,logistic_regression,4,-0.0411268653999593,-0.10050751217934312,0.019801446458294316
extreme_os,random_forest,4,0.006852842984998858,-0.03764630728309601,0.052489262344714134
extreme_os,tabfm_default,4,-0.08128974252293392,-0.12529399733308344,-0.03179344194772407
extreme_os,tabpfn_v2,4,-0.019629360546482053,-0.06879421336193683,0.029122780897299787
extreme_os,tabpfn_v2_5,4,-0.026928672466830714,-0.07747743307281961,0.0218825867006766
extreme_os,tabpfn_v2_6,4,-0.06806093783102557,-0.11206762463876498,-0.02347322174579266
extreme_os,tabpfn_v3,4,-0.05165568856971993,-0.09980250627174521,9.839768818736804e-05
extreme_os,xgboost,4,-0.020934737307522627,-0.07584964661648931,0.03211093621329982
os_3yr,autogluon,5,0.07319209422254512,0.025219566398915903,0.11847673310339775
os_3yr,catboost,5,0.011395813767752162,-0.043114323522370844,0.06581950374257117
os_3yr,lightgbm,5,0.000861630804940261,-0.053929946543575455,0.054803611360980185
os_3yr,logistic_regression,5,0.07093986363929383,0.014485853779952665,0.12619257853951169
os_3yr,random_forest,5,0.002169889332049102,-0.047591481272442296,0.05271729833104023
os_3yr,tabfm_default,5,-0.027896028022163243,-0.08044344752713327,0.025494226588373168
os_3yr,tabpfn_v3,5,-0.02206375322345854,-0.07002920608099861,0.028381753567848226
os_3yr,xgboost,5,-0.004527845817842602,-0.05900182050635838,0.05109032627772646
os_5yr,autogluon,4,0.009849771896221299,-0.03810018886821953,0.05867007686797949
os_5yr,catboost,4,0.008425655121523351,-0.03318215994238256,0.0496685034816009
os_5yr,lightgbm,4,-0.036666801691591366,-0.08536563002769526,0.013164055432511796
os_5yr,logistic_regression,4,0.02677096717664365,-0.024060245312847135,0.07917264484001843
os_5yr,random_forest,4,-0.015842004759758027,-0.05377315460344685,0.021545197795892316
os_5yr,tabfm_default,4,-0.08380272917498179,-0.12897947012914834,-0.0388186760765046
os_5yr,tabpfn_v2,4,0.007266649256294971,-0.03621081034778274,0.05146984715492097
os_5yr,tabpfn_v2_5,4,-0.015308815767388254,-0.06092583651922703,0.02848839835219019
os_5yr,tabpfn_v2_6,4,-0.04217418102933569,-0.08609243441750503,0.0011727598631328133
os_5yr,tabpfn_v3,4,-0.0699249407495405,-0.1139998521524692,-0.026859503155754194
os_5yr,xgboost,4,2.889187467516874e-05,-0.047257348714284095,0.04652751873883692
