y_true,y_pred,prob_0,prob_1
0,0,0.9508838269661848,0.049116173033815186
0,0,0.9255463302954212,0.07445366970457878
0,0,0.9734041797697901,0.026595820230209923
1,1,0.10916899081418485,0.8908310091858151
0,0,0.9787806950034159,0.02121930499658411
0,0,0.990047165885024,0.009952834114976024
0,0,0.9816299016272534,0.018370098372746616
0,0,0.9604133729897943,0.0395866270102056
0,0,0.989864038843256,0.010135961156743933
0,0,0.9065742758589465,0.09342572414105357
0,0,0.9688975675333423,0.031102432466657694
0,0,0.9558830804528826,0.04411691954711733
1,1,0.04744966730546707,0.9525503326945329
0,0,0.9813849105103277,0.01861508948967227
1,1,0.04769241715341965,0.9523075828465803
1,1,0.008960746186961854,0.9910392538130381
0,0,0.9760880370358871,0.02391196296411287
0,0,0.9582449254074097,0.04175507459259026
0,0,0.9677372885692049,0.03226271143079504
0,0,0.9751271073253306,0.024872892674669397
0,0,0.986009004986618,0.013990995013381927
0,0,0.9149161040367444,0.08508389596325559
0,0,0.982710653030606,0.01728934696939396
0,0,0.977079059933886,0.02292094006611405
0,0,0.9778627830813434,0.022137216918656583
0,0,0.9721419668825122,0.02785803311748778
1,1,0.0077149001505030235,0.992285099849497
0,0,0.947525349673606,0.052474650326394014
0,0,0.9910633969741641,0.008936603025835838
0,0,0.9894583720773508,0.010541627922649212
0,0,0.9933286553844682,0.006671344615531729
1,1,0.00534445914603654,0.9946555408539635
0,0,0.9815990023401295,0.018400997659870428
1,1,0.08233404804764977,0.9176659519523502
0,0,0.975405796100057,0.02459420389994304
0,0,0.978499702938006,0.02150029706199399
0,0,0.9891016779280615,0.01089832207193857
0,0,0.9848834597286431,0.015116540271356844
0,0,0.8906993628420263,0.10930063715797363
0,0,0.9739304148942509,0.026069585105749103
0,0,0.9646627409748164,0.03533725902518363
0,0,0.9647814496002091,0.0352185503997909
0,0,0.9914232547335008,0.008576745266499196
0,0,0.9738623899021711,0.02613761009782889
0,0,0.957454584452744,0.04254541554725598
0,0,0.9773219096362715,0.022678090363728434
0,0,0.983531678790274,0.01646832120972594
0,0,0.9489681501699742,0.051031849830025816
0,0,0.978983813577326,0.02101618642267398
0,1,0.37408973085403086,0.6259102691459691
0,0,0.950768136500936,0.04923186349906402
1,1,0.0028414789725371703,0.9971585210274628
0,0,0.9878603824703379,0.012139617529662064
0,0,0.9896101393960718,0.010389860603928177
0,0,0.9724221201489823,0.027577879851017704
0,0,0.9714459067518991,0.02855409324810091
0,0,0.9858568112364157,0.014143188763584285
0,0,0.9834962204354505,0.016503779564549466
0,0,0.9889854541669761,0.011014545833023824
0,0,0.9661139570431588,0.033886042956841174
0,0,0.9736794046848,0.02632059531520007
0,0,0.9847358194765508,0.01526418052344922
0,0,0.9951093152872791,0.004890684712720894
0,0,0.9912563358019274,0.008743664198072572
0,0,0.9851749773601789,0.014825022639821103
0,0,0.9813615903372902,0.018638409662709788
0,0,0.9939461868497345,0.006053813150265535
0,0,0.9957062302834484,0.004293769716551643
0,0,0.9808217242613119,0.019178275738688154
0,0,0.9907777651020019,0.009222234897998074
0,0,0.9810294650802637,0.018970534919736326
1,1,0.036156090816680364,0.9638439091833196
1,1,0.14834727032745232,0.8516527296725477
0,0,0.9328321565884908,0.0671678434115092
0,0,0.9757423082326017,0.024257691767398334
0,0,0.9923913855372312,0.007608614462768858
1,1,0.49031910479739793,0.5096808952026021
0,0,0.9946147434018322,0.005385256598167829
0,0,0.9687209899910391,0.03127901000896099
1,1,0.11412119699977374,0.8858788030002263
0,0,0.9925770250577091,0.007422974942290909
0,0,0.9479258718547977,0.052074128145202285
0,0,0.9821414758456212,0.01785852415437886
0,0,0.975372607507915,0.024627392492085013
0,0,0.9841698700313872,0.015830129968612737
0,0,0.9663376804449539,0.03366231955504603
0,0,0.9751067881042887,0.02489321189571122
0,0,0.9632752039646619,0.03672479603533808
0,0,0.9718222410643489,0.02817775893565115
0,0,0.9694990981733975,0.030500901826602523
0,0,0.963374938299741,0.03662506170025905
0,0,0.9937734787841848,0.00622652121581519
0,0,0.9433999877364977,0.05660001226350233
0,0,0.9842941339357332,0.015705866064266813
0,0,0.9843335062727737,0.015666493727226283
1,0,0.7980751751873262,0.20192482481267382
0,0,0.9966364922639406,0.00336350773605939
0,0,0.9818465039087708,0.01815349609122923
0,0,0.9872465793645623,0.012753420635437687
0,0,0.9901596860214714,0.009840313978528595
0,0,0.9148575431320001,0.08514245686799991
0,0,0.9346579953756103,0.06534200462438967
0,0,0.98197505468325,0.018024945316750023
0,0,0.9848406026851563,0.015159397314843706
0,0,0.9944323869155572,0.005567613084442745
0,0,0.9934666889037803,0.006533311096219699
0,0,0.9758093098074003,0.024190690192599673
1,1,0.3924490231960005,0.6075509768039995
0,0,0.9924138155732616,0.00758618442673845
0,0,0.9659550249031076,0.03404497509689243
0,0,0.9771024834494999,0.022897516550500124
0,0,0.9846007885427014,0.01539921145729863
0,0,0.980417296606712,0.019582703393288093
0,0,0.9110504611589407,0.08894953884105931
0,0,0.9885607388375927,0.01143926116240731
0,0,0.9757966864941466,0.024203313505853336
0,0,0.9849235809951896,0.015076419004810392
0,0,0.9911407162151868,0.008859283784813146
0,0,0.9752724083393067,0.02472759166069324
1,1,0.0817115068515889,0.9182884931484111
0,0,0.9884141492091538,0.01158585079084618
0,0,0.9915842715597759,0.008415728440224144
0,0,0.9908210306590234,0.009178969340976612
0,0,0.975024110917604,0.024975889082395966
1,1,0.24783082328482708,0.7521691767151729
1,1,0.049582794886044335,0.9504172051139557
0,0,0.9943415167560813,0.005658483243918738
0,0,0.9731584079063059,0.026841592093694095
0,0,0.9681943706102226,0.031805629389777386
0,1,0.48576730484275044,0.5142326951572496
0,0,0.9863964447041513,0.013603555295848625
0,0,0.9920302263984971,0.007969773601502842
0,0,0.9852278339437117,0.014772166056288241
0,0,0.9739079571863521,0.026092042813647846
0,0,0.9862149891295143,0.013785010870485658
0,0,0.9368312544732906,0.0631687455267094
0,0,0.9732679979158746,0.026732002084125354
0,0,0.9906195573883017,0.009380442611698375
0,0,0.9694683402408651,0.03053165975913482
0,0,0.929076759373287,0.07092324062671296
0,0,0.9916482165051652,0.00835178349483477
0,0,0.9770322267985246,0.02296777320147539
0,0,0.9919550149783389,0.008044985021661023
0,0,0.970076914013344,0.029923085986656064
0,0,0.977289790543692,0.02271020945630794
0,0,0.9733314526827103,0.026668547317289685
0,0,0.9727462806810047,0.027253719318995322
0,0,0.9795044545049001,0.0204955454950999
0,0,0.9815170790538715,0.018482920946128436
0,0,0.9935940451816581,0.0064059548183418875
1,0,0.9886076539257167,0.011392346074283315
0,0,0.9807892961800683,0.019210703819931767
0,0,0.9459591710393055,0.05404082896069455
0,0,0.9669329888466199,0.03306701115338006
0,0,0.9707338829951045,0.02926611700489546
0,0,0.9616701460602188,0.038329853939781125
1,1,0.11551315400818873,0.8844868459918113
0,0,0.9889294641748075,0.011070535825192495
0,1,0.3290830113180717,0.6709169886819283
0,0,0.9797762883265698,0.02022371167343021
0,0,0.971171050356226,0.02882894964377408
0,0,0.9598835294057404,0.04011647059425961
0,0,0.989950661465804,0.010049338534196
0,0,0.9135396701022904,0.08646032989770952
0,0,0.9865246144195573,0.01347538558044267
0,0,0.9714094846253818,0.028590515374618212
0,0,0.9901749470366596,0.009825052963340393
0,0,0.9577786634639244,0.042221336536075606
1,1,0.0038907663588023667,0.9961092336411976
1,0,0.9789555845521886,0.021044415447811424
0,0,0.9782236155890628,0.02177638441093716
0,0,0.9686300626893871,0.03136993731061292
0,0,0.9693414418839591,0.030658558116040947
0,1,0.39113434919896917,0.6088656508010308
0,0,0.9573002820586394,0.04269971794136063
0,0,0.9750678367693978,0.024932163230602218
1,1,0.05873898664749477,0.9412610133525052
0,0,0.9653630083936782,0.034636991606321825
0,0,0.978895203402457,0.021104796597543045
0,0,0.9912802110370215,0.008719788962978491
0,0,0.9889896297557039,0.011010370244296044
1,1,0.03957229573550691,0.9604277042644931
1,1,0.0041511587982686615,0.9958488412017313
0,0,0.9897269741785538,0.01027302582144621
0,0,0.9853847554096499,0.014615244590350171
0,0,0.9331033923786869,0.06689660762131315
0,0,0.9796727612700686,0.020327238729931345
0,0,0.9275392000402859,0.0724607999597141
0,0,0.573657296594515,0.42634270340548497
0,0,0.9955785433179493,0.004421456682050764
0,0,0.9860054001074152,0.013994599892584732
0,0,0.9695735976325495,0.030426402367450558
0,0,0.9793545958914993,0.020645404108500704
0,0,0.9957774225768946,0.004222577423105392
0,0,0.9530361256785047,0.04696387432149535
0,0,0.9606273469623803,0.03937265303761974
0,0,0.9864250007428254,0.013574999257174692
0,0,0.9532175275645929,0.046782472435407084
0,0,0.9851310932635494,0.014868906736450551
0,0,0.9921242206048299,0.007875779395170177
0,1,0.23562659456730006,0.7643734054326999
0,0,0.9863367192564267,0.013663280743573302
0,0,0.992670904446845,0.007329095553154979
0,0,0.9873715670567649,0.012628432943235138
0,0,0.9866114005034861,0.01338859949651391
0,0,0.9728769847201231,0.027123015279876945
1,1,0.0745288254541675,0.9254711745458325
0,0,0.9912007332037428,0.008799266796257185
0,0,0.9730431996796738,0.026956800320326182
0,0,0.9599950764194721,0.040004923580527915
0,0,0.9930934392193616,0.0069065607806385034
1,0,0.9835394793170332,0.016460520682966807
0,0,0.9725546416517215,0.027445358348278586
1,1,0.0017087555096713114,0.9982912444903287
0,0,0.975520895072926,0.024479104927074
0,0,0.9555743881584279,0.04442561184157211
0,0,0.9851265128006718,0.014873487199328206
0,0,0.9848741135500954,0.015125886449904624
0,1,0.4987390456503952,0.5012609543496048
1,1,0.138253770775013,0.861746229224987
0,0,0.9720168805667487,0.027983119433251217
0,0,0.9902167976741026,0.009783202325897342
0,0,0.9830326316616983,0.016967368338301668
0,0,0.9895371530227642,0.010462846977235716
0,0,0.9528189670530149,0.04718103294698504
0,0,0.984926711526084,0.01507328847391596
0,0,0.691171631657951,0.3088283683420489
0,0,0.9718865037127318,0.02811349628726825
0,0,0.9507440974448194,0.04925590255518063
0,0,0.9860171122843387,0.013982887715661235
0,0,0.9636110516350571,0.036388948364942914
0,0,0.9817076126292508,0.018292387370749258
1,1,0.0770326042539009,0.9229673957460991
0,0,0.9774262044138446,0.02257379558615531
1,1,0.004838204649805777,0.9951617953501942
0,0,0.9777722151195556,0.022227784880444412
0,0,0.9938439938152587,0.006156006184741362
1,0,0.517599057389195,0.482400942610805
0,0,0.9764914588350414,0.023508541164958575
0,0,0.9418268705133871,0.058173129486612886
0,0,0.9978848002064282,0.002115199793571806
0,0,0.9493665874889645,0.05063341251103552
0,0,0.9756654258606348,0.024334574139365215
0,0,0.9763299543455557,0.02367004565444436
1,1,0.11797839722999626,0.8820216027700037
0,0,0.976959711355554,0.02304028864444596
0,0,0.9792930462951425,0.020706953704857565
1,0,0.5745332633042746,0.4254667366957255
0,0,0.9891406308878987,0.010859369112101246
0,0,0.9699942041865677,0.03000579581343228
1,0,0.97576083444352,0.024239165556480015
0,0,0.9847506315801751,0.015249368419824985
0,0,0.9450087017176902,0.05499129828230977
0,0,0.9857812075083939,0.014218792491606099
0,0,0.9842632172573539,0.015736782742646144
0,0,0.9828983746937484,0.01710162530625164
1,0,0.5090703198724171,0.4909296801275829
0,0,0.9814091553286152,0.0185908446713848
0,0,0.9753179571933204,0.024682042806679596
0,0,0.9907105990773024,0.00928940092269757
0,0,0.9944794595488148,0.00552054045118517
0,0,0.9904350480757687,0.009564951924231315
1,1,0.4052197455049519,0.5947802544950481
0,0,0.9906032858649375,0.009396714135062524
0,0,0.9764934495256619,0.02350655047433809
0,0,0.8457863044543108,0.15421369554568917
0,0,0.8750671796722007,0.12493282032779923
0,0,0.9728515510684062,0.027148448931593877
0,0,0.9651995786768399,0.03480042132316012
0,0,0.9850679301609078,0.014932069839092248
1,1,0.044477320932128306,0.9555226790678717
0,0,0.9558688353606964,0.044131164639303555
0,0,0.9892651615868862,0.010734838413113868
1,1,0.05764976945405076,0.9423502305459492
0,0,0.9482797320738042,0.05172026792619573
0,0,0.9854173335855024,0.014582666414497607
0,0,0.9955497764279093,0.004450223572090737
0,0,0.9244079888690084,0.07559201113099151
0,0,0.9854118298790584,0.01458817012094158
0,0,0.971475081593187,0.028524918406812993
0,0,0.9823498622930601,0.01765013770693995
0,0,0.8198797596353491,0.18012024036465088
1,0,0.9970671752819122,0.0029328247180877977
0,0,0.9928060248878846,0.007193975112115415
0,0,0.9764294128074841,0.023570587192515886
0,0,0.995530060768367,0.004469939231632998
0,0,0.9762222407501348,0.023777759249865235
1,1,0.4664951583799434,0.5335048416200566
0,0,0.9858882732489662,0.014111726751033815
1,0,0.9754100790858062,0.024589920914193732
0,0,0.9845560215301592,0.01544397846984085
0,0,0.9359906385029049,0.0640093614970951
0,0,0.9638692279357842,0.036130772064215826
0,0,0.992970415699364,0.007029584300636045
0,0,0.9924990116146422,0.007500988385357801
0,0,0.9568290645774298,0.043170935422570215
0,0,0.9677072178834666,0.032292782116533456
0,0,0.9578770087254859,0.04212299127451418
0,0,0.7530977764060582,0.24690222359394173
0,0,0.9736327852747837,0.02636721472521628
0,0,0.9732375090405186,0.026762490959481387
0,0,0.9924889578081093,0.007511042191890694
0,0,0.987064501453655,0.01293549854634497
0,0,0.8730804571968748,0.12691954280312523
0,0,0.9711673559985686,0.02883264400143134
1,0,0.9904313154872448,0.00956868451275522
0,0,0.9910915477120167,0.008908452287983286
0,0,0.9834758234978827,0.016524176502117346
1,1,0.007881559396480053,0.99211844060352
0,0,0.9794156838756684,0.020584316124331623
0,1,0.48225741006469824,0.5177425899353018
0,0,0.9754343678615113,0.02456563213848877
0,0,0.9840805574830623,0.015919442516937707
0,0,0.9902110247280007,0.009788975271999255
0,0,0.8797490037090303,0.12025099629096964
0,0,0.9859329060295018,0.014067093970498186
1,1,0.14275095882851319,0.8572490411714868
0,0,0.9843685450128593,0.015631454987140712
0,0,0.9689310140593891,0.031068985940610885
0,0,0.9885500122274892,0.011449987772510866
0,0,0.9072195369681185,0.09278046303188148
0,0,0.9899101134424241,0.010089886557575919
0,0,0.9756232218330999,0.02437677816690013
0,0,0.9318554860537853,0.06814451394621462
0,0,0.9886299680377074,0.011370031962292528
0,0,0.9615259955940971,0.03847400440590293
0,0,0.9831514304466688,0.016848569553331284
0,0,0.982540315507659,0.017459684492341063
0,0,0.9856039343763506,0.01439606562364942
0,0,0.9926583158934688,0.007341684106531259
0,0,0.9785964127680319,0.021403587231968148
0,0,0.9833248165009231,0.016675183499076887
0,0,0.9546888006779947,0.04531119932200534
0,0,0.9069973316448781,0.09300266835512196
0,0,0.9746447953616896,0.025355204638310442
0,0,0.981493465185889,0.018506534814111072
1,1,0.028219516353980234,0.9717804836460198
1,1,0.2611755380632521,0.7388244619367479
0,0,0.9891706744742145,0.01082932552578553
0,0,0.9693085147417219,0.030691485258278098
0,0,0.9650566188453479,0.034943381154652134
0,0,0.983418731906939,0.016581268093061045
0,0,0.9931578490784496,0.00684215092155039
0,0,0.9806623920372329,0.019337607962767112
0,0,0.9846269729888628,0.015373027011137201
0,0,0.9970204556060218,0.002979544393978234
0,0,0.9575761711782429,0.04242382882175706
0,0,0.9687566313666148,0.031243368633385223
0,0,0.9659992858911828,0.03400071410881717
0,0,0.9635644323190654,0.03643556768093455
0,0,0.9647122501038713,0.03528774989612871
0,0,0.9832704170614006,0.016729582938599333
0,0,0.9838482474807165,0.016151752519283465
0,0,0.9750878530614235,0.02491214693857647
0,0,0.9939425629930155,0.006057437006984447
0,0,0.9807821701887811,0.019217829811218907
0,0,0.9715709630766931,0.028429036923306852
1,1,0.05432673501929386,0.9456732649807061
0,0,0.9552063029901242,0.044793697009875774
0,0,0.9902905527684388,0.009709447231561164
0,0,0.9746051671563086,0.025394832843691387
0,0,0.9929012467044623,0.007098753295537709
0,0,0.9886544943124154,0.011345505687584658
0,0,0.992761877162058,0.0072381228379419646
0,0,0.967237926853154,0.032762073146845934
0,0,0.9869610780622143,0.013038921937785664
0,0,0.8081335830173482,0.19186641698265178
0,0,0.971934619782193,0.028065380217807002
0,0,0.9838573030703114,0.0161426969296886
0,0,0.9654970313732041,0.03450296862679592
0,0,0.9777783374901069,0.022221662509893096
0,0,0.9852556109864585,0.014744389013541416
1,0,0.9978414886125561,0.002158511387443965
0,0,0.9870810554186152,0.012918944581384716
0,0,0.9757880390680755,0.024211960931924407
0,0,0.9651909361435677,0.03480906385643231
0,0,0.980246343383598,0.019753656616402097
1,1,0.0057421418311845995,0.9942578581688154
0,0,0.9849324236097564,0.015067576390243616
0,0,0.9901291860411074,0.009870813958892524
0,0,0.9828215222107706,0.017178477789229474
0,0,0.98258280795065,0.01741719204934994
0,0,0.9873016829700193,0.012698317029980727
0,0,0.9906638917330485,0.009336108266951491
0,0,0.9730853261522103,0.026914673847789686
0,0,0.9659985090395713,0.034001490960428704
1,1,0.03066302978193325,0.9693369702180668
0,0,0.9894689859402022,0.010531014059797828
0,0,0.9880357855509381,0.011964214449061936
0,0,0.9571283568244232,0.042871643175576776
0,0,0.948594873419345,0.05140512658065502
0,0,0.9860099683947293,0.013990031605270637
0,0,0.9893300583397532,0.010669941660246846
0,0,0.9840161423519665,0.015983857648033433
1,1,0.24429523345848592,0.7557047665415141
0,0,0.976776209778632,0.023223790221367953
0,0,0.9695585046212023,0.030441495378797714
0,0,0.9813176266696062,0.018682373330393794
0,0,0.987779281929457,0.012220718070543026
0,0,0.9693313788128477,0.030668621187152276
0,0,0.979535243433809,0.020464756566190928
0,0,0.9885927762095389,0.0114072237904611
0,0,0.984125180260037,0.015874819739962964
0,0,0.9864861812109638,0.013513818789036276
0,0,0.9681738253103636,0.03182617468963645
0,0,0.9869644149046922,0.013035585095307733
1,1,0.07037998041222282,0.9296200195877772
0,0,0.9839884354887919,0.01601156451120812
0,0,0.9156111382140537,0.08438886178594628
0,0,0.9580697007589727,0.041930299241027286
1,1,0.03725858854361308,0.9627414114563869
0,0,0.9755879729707053,0.024412027029294733
0,0,0.9798634248809,0.02013657511910003
0,0,0.9879864334576454,0.012013566542354687
0,0,0.969767607467792,0.03023239253220797
0,0,0.9879853035238575,0.01201469647614256
0,0,0.9891328127810741,0.010867187218925914
0,0,0.9852290020666933,0.014770997933306728
1,1,0.0020194591990967403,0.9979805408009033
0,0,0.9804428982943189,0.019557101705681177
0,0,0.9783647992211656,0.021635200778834407
0,0,0.9770470006323883,0.022952999367611703
0,0,0.9846914564745218,0.015308543525478188
0,0,0.9864075844012095,0.013592415598790559
0,0,0.9747254723515435,0.025274527648456557
0,0,0.9836187675784108,0.01638123242158916
0,0,0.9857496558683673,0.014250344131632696
0,0,0.9919207409591619,0.008079259040838078
0,0,0.9816913124979532,0.01830868750204686
1,1,0.11498197481958905,0.885018025180411
0,0,0.982033294283694,0.017966705716306
0,0,0.9746989957048536,0.025301004295146402
0,0,0.987177305127084,0.01282269487291597
0,0,0.9899829567510617,0.010017043248938234
1,0,0.5628650810506868,0.4371349189493133
0,0,0.9707921408622974,0.02920785913770267
0,0,0.9796561088535911,0.02034389114640886
0,0,0.9921307959668779,0.007869204033122098
0,0,0.9618860804341642,0.0381139195658358
0,0,0.9802490934686716,0.01975090653132838
0,0,0.9761916141230035,0.02380838587699651
0,0,0.9845764485249595,0.015423551475040497
0,0,0.9790231400242263,0.020976859975773712
0,0,0.9841371724497344,0.01586282755026554
1,1,0.05325071161022443,0.9467492883897756
1,1,0.13102431754381405,0.868975682456186
0,0,0.9726900834269594,0.02730991657304058
1,0,0.9030435863024443,0.09695641369755574
0,0,0.9583463574047668,0.04165364259523313
0,0,0.930808949827317,0.06919105017268298
0,0,0.9938068709180058,0.006193129081994192
1,1,0.011521986902673365,0.9884780130973266
0,0,0.95555377536589,0.04444622463410997
0,0,0.9909219651709247,0.009078034829075307
1,1,0.06827189966608926,0.9317281003339107
0,0,0.946179185230072,0.05382081476992795
0,0,0.654846897071997,0.3451531029280031
0,0,0.9943894257258791,0.005610574274120923
0,0,0.9714388166079906,0.028561183392009363
0,0,0.9853936905437594,0.014606309456240606
0,0,0.9824687340146351,0.017531265985364912
0,0,0.9716846627026163,0.02831533729738364
0,0,0.9884329311483737,0.011567068851626248
0,0,0.9650684692098241,0.03493153079017589
0,0,0.9813084200270198,0.018691579972980203
0,0,0.6066427595571484,0.3933572404428516
0,0,0.9775106042430726,0.022489395756927398
0,0,0.9817426922690241,0.0182573077309759
0,0,0.9704495539187497,0.029550446081250306
0,0,0.9938023228117646,0.006197677188235408
0,0,0.9876710576786375,0.012328942321362535
0,0,0.9782749368667846,0.021725063133215466
0,0,0.5016633144251083,0.49833668557489175
0,0,0.9827078212533539,0.017292178746646073
0,0,0.9955500262511148,0.004449973748885172
0,0,0.9850509211418926,0.014949078858107314
1,0,0.9722740644079219,0.02772593559207817
0,0,0.9900116709444642,0.009988329055535764
0,0,0.9820797124541737,0.017920287545826308
0,0,0.9245004719445324,0.07549952805546756
1,1,0.09689708562327048,0.9031029143767295
0,0,0.9954001095156474,0.00459989048435261
0,0,0.944434531115509,0.055565468884491015
0,0,0.9635499842343925,0.03645001576560747
0,0,0.8171272644721655,0.18287273552783442
0,0,0.9896906124671583,0.010309387532841772
0,0,0.976232672994741,0.02376732700525901
1,1,0.11979280558941219,0.8802071944105878
0,0,0.9792823346540495,0.02071766534595058
0,0,0.9857340048651518,0.014265995134848155
0,0,0.9929845427386808,0.007015457261319283
0,0,0.9772300202203102,0.022769979779689784
0,0,0.9714421868376422,0.028557813162357837
1,1,0.019629014373142795,0.9803709856268572
1,1,0.025976161422688993,0.974023838577311
0,0,0.9337163538295439,0.06628364617045612
0,0,0.9544813301666722,0.045518669833327766
0,0,0.9875019998397695,0.012498000160230555
0,0,0.9947471533326714,0.005252846667328663
1,1,0.08342401954503809,0.9165759804549619
0,0,0.9036807654729568,0.09631923452704311
0,0,0.9905484334366923,0.009451566563307695
0,0,0.970263556250454,0.029736443749545944
0,0,0.9688082908729754,0.031191709127024677
1,1,0.05026471096409213,0.9497352890359079
0,0,0.9874229904232076,0.012577009576792442
0,0,0.9868854058159529,0.013114594184047104
0,0,0.9846381189512615,0.01536188104873846
0,0,0.9856658409106279,0.014334159089372061
0,0,0.9863561478678313,0.01364385213216869
0,0,0.9865624200631091,0.013437579936890867
1,1,0.008538809647306245,0.9914611903526938
0,0,0.9832643708093354,0.016735629190664666
0,0,0.9652076604611062,0.03479233953889383
0,0,0.9330805273755621,0.0669194726244379
0,0,0.9334119769835172,0.0665880230164828
0,0,0.9661871957461811,0.033812804253818905
0,0,0.9882845463740358,0.011715453625964177
0,0,0.9483284926042955,0.05167150739570446
0,0,0.873563471177231,0.12643652882276904
0,0,0.9925546557732147,0.007445344226785315
0,0,0.9926391431499225,0.007360856850077477
0,0,0.9793217952954146,0.020678204704585316
0,0,0.9367008055009862,0.06329919449901374
0,0,0.9706169209211991,0.02938307907880092
1,0,0.9509856363169492,0.04901436368305074
1,0,0.5391763776979532,0.4608236223020467
0,0,0.9792110437750581,0.020788956224941934
0,0,0.9933339640697278,0.006666035930272103
0,0,0.9749100472239999,0.025089952776000093
0,0,0.9797873306444078,0.020212669355592204
1,0,0.9583249812264252,0.04167501877357477
0,0,0.92038882140772,0.07961117859227994
0,0,0.9948327320205418,0.005167267979458182
1,1,0.012592656578044648,0.9874073434219554
0,0,0.9873434598893236,0.012656540110676382
0,0,0.9614566151814165,0.03854338481858353
0,0,0.9754557216731518,0.024544278326848225
0,0,0.967833288188875,0.03216671181112498
0,0,0.9831991301592229,0.01680086984077713
0,0,0.9759260563524444,0.02407394364755559
0,0,0.9907290220289378,0.00927097797106223
0,0,0.7920710760288835,0.2079289239711165
0,0,0.9792817704718938,0.020718229528106206
0,1,0.37826211646636676,0.6217378835336332
0,0,0.9788708137118308,0.02112918628816913
0,0,0.9889371537178302,0.011062846282169754
0,0,0.9795008449252312,0.02049915507476881
0,0,0.9819944212062259,0.018005578793774044
1,1,0.024679521133457172,0.9753204788665428
0,0,0.9491232379489679,0.05087676205103212
0,0,0.990185239226083,0.009814760773916999
0,0,0.9813714980548022,0.018628501945197783
0,0,0.9954326832839008,0.004567316716099222
1,1,0.0026196010196258834,0.9973803989803741
1,0,0.524976812564495,0.475023187435505
0,0,0.991886739128558,0.00811326087144199
0,0,0.9849218933178002,0.015078106682199817
0,0,0.9926764814582587,0.007323518541741309
0,0,0.9256868304660171,0.07431316953398298
0,0,0.9685282259254703,0.03147177407452975
0,0,0.9780631472863285,0.021936852713671524
0,0,0.990085028405834,0.009914971594165971
0,0,0.9878145241317504,0.012185475868249585
0,0,0.9676441343238203,0.03235586567617962
0,0,0.9854276863506861,0.014572313649313884
0,0,0.990009440595764,0.00999055940423595
1,1,0.2058774741782683,0.7941225258217317
1,0,0.988725530515752,0.011274469484248038
0,0,0.9820068976926698,0.017993102307330196
0,0,0.9612874839929098,0.03871251600709022
1,1,0.09495530386188589,0.9050446961381141
1,1,0.007403769504685687,0.9925962304953143
0,0,0.9651423584393856,0.034857641560614425
0,0,0.9787614185660108,0.02123858143398917
0,0,0.9754255264719616,0.02457447352803847
0,0,0.9361967576387625,0.06380324236123751
0,0,0.9845142328108127,0.015485767189187311
1,1,0.00021427596282908024,0.9997857240371709
0,0,0.9798363379892958,0.02016366201070421
0,0,0.9859561104464869,0.014043889553513062
0,0,0.9941380658764571,0.0058619341235428305
1,1,0.09795610229924101,0.902043897700759
0,0,0.9815660674586222,0.018433932541377762
1,1,0.3830766349341693,0.6169233650658307
0,0,0.9901330734864563,0.009866926513543749
0,0,0.9820895242155078,0.01791047578449223
0,0,0.794073624506241,0.20592637549375908
0,0,0.972637160878203,0.027362839121797003
1,1,0.09339497974619448,0.9066050202538055
0,0,0.9791751463791757,0.02082485362082431
1,1,0.0020040073392320057,0.997995992660768
1,1,0.06420929813803056,0.9357907018619694
0,0,0.9527391577253941,0.04726084227460589
0,0,0.9841521544918783,0.01584784550812164
0,0,0.9819903905209093,0.01800960947909065
0,0,0.953083464645141,0.04691653535485893
0,0,0.9819863516057156,0.01801364839428443
0,0,0.9754035258473139,0.024596474152686114
0,0,0.9775483251130023,0.02245167488699777
0,0,0.9685887141731842,0.031411285826815856
0,0,0.9783349405684534,0.021665059431546636
0,0,0.9912007453198095,0.00879925468019048
1,1,0.21619185967129362,0.7838081403287064
0,0,0.9753233131390272,0.024676686860972758
0,0,0.9783381890736509,0.021661810926349077
0,0,0.9943239059005488,0.005676094099451224
0,0,0.981435455639862,0.018564544360137953
1,1,0.387534236537424,0.612465763462576
0,0,0.9835364978696366,0.01646350213036346
0,0,0.9948667262336693,0.005133273766330677
0,0,0.9775588905020312,0.022441109497968795
0,0,0.9732817729823208,0.026718227017679272
0,0,0.9822655189339252,0.017734481066074795
0,0,0.988989895184908,0.011010104815091962
0,0,0.9411532213325159,0.058846778667484084
0,0,0.9670611778857978,0.03293882211420217
1,1,0.06259860887625024,0.9374013911237498
0,0,0.9936564727198792,0.006343527280120792
0,0,0.9841480863133628,0.015851913686637187
0,0,0.9240488181635933,0.07595118183640666
0,0,0.9915014872868891,0.008498512713110865
0,0,0.9858229461838471,0.014177053816152856
1,1,0.0752254213542598,0.9247745786457402
0,0,0.961035590591624,0.03896440940837599
0,0,0.9728177947735696,0.027182205226430427
0,0,0.9929435267804493,0.007056473219550733
0,0,0.9665777865437527,0.03342221345624728
0,0,0.8854594339698741,0.11454056603012583
0,1,0.3902470162843109,0.6097529837156891
1,1,0.06335836694348118,0.9366416330565188
0,0,0.9749798881724787,0.025020111827521337
0,0,0.9712329118165443,0.02876708818345572
0,0,0.9839220872901978,0.016077912709802137
0,0,0.984879671874307,0.015120328125692998
1,1,0.1981357448933435,0.8018642551066565
0,0,0.9854849686531236,0.014515031346876423
0,0,0.9593125094259034,0.040687490574096645
0,0,0.9759159287684606,0.024084071231539408
0,0,0.9890054172216572,0.010994582778342785
1,1,0.09034894790485881,0.9096510520951412
0,0,0.8500525698804942,0.1499474301195058
0,0,0.9794997509596907,0.02050024904030929
0,0,0.9689043174595958,0.031095682540404176
1,1,0.0033683914315253416,0.9966316085684747
0,0,0.9822122850924421,0.017787714907557924
0,0,0.99015098563991,0.009849014360090013
0,0,0.9831536391027609,0.016846360897239177
0,0,0.9409177452243934,0.059082254775606614
0,0,0.954316486644923,0.04568351335507707
0,0,0.9060299282355362,0.09397007176446379
0,0,0.9775098302937201,0.022490169706279945
0,0,0.9935768153850508,0.006423184614949182
0,0,0.9638204568068819,0.03617954319311816
0,0,0.890822949341648,0.10917705065835204
0,0,0.9721890209459739,0.027810979054026123
0,0,0.9791800015034766,0.020819998496523422
0,0,0.9948932137170263,0.005106786282973679
0,0,0.9680636518528956,0.03193634814710441
0,0,0.9822318513082613,0.01776814869173871
1,1,0.03227316072096986,0.9677268392790301
0,0,0.9652865943645067,0.03471340563549325
0,0,0.8578423505925908,0.1421576494074092
0,0,0.9773756023841719,0.022624397615828178
0,0,0.9809822988164372,0.019017701183562802
0,0,0.9960465277897238,0.003953472210276234
0,0,0.9880133406318393,0.011986659368160716
1,0,0.9493985216493531,0.05060147835064689
0,0,0.9061163502335641,0.09388364976643587
1,1,0.3627941174639838,0.6372058825360162
0,0,0.9813719845489914,0.018628015451008565
0,0,0.9908100404549294,0.009189959545070597
0,0,0.9894328704501648,0.010567129549835151
0,0,0.926099298942494,0.07390070105750603
0,0,0.9795677365758343,0.020432263424165733
0,0,0.9451061493712706,0.054893850628729396
0,0,0.9908413476503309,0.009158652349669059
0,0,0.9867069533644183,0.013293046635581696
1,1,0.08550593819060948,0.9144940618093905
0,0,0.9562834473729934,0.04371655262700662
0,0,0.9863278378160741,0.013672162183925873
0,0,0.9466910280474006,0.05330897195259946
0,0,0.9890776974201589,0.010922302579841064
0,0,0.9922631902301906,0.007736809769809426
0,0,0.9809894995666676,0.01901050043333244
0,0,0.9846654620901266,0.015334537909873394
0,0,0.9919736287959103,0.008026371204089637
0,0,0.9788344580462938,0.02116554195370625
0,0,0.7968150775578381,0.20318492244216194
0,0,0.9609356733769973,0.0390643266230027
0,0,0.9692398899016235,0.030760110098376557
0,0,0.9595132284463997,0.04048677155360029
0,0,0.973414363171868,0.026585636828131923
0,0,0.9851967853261818,0.014803214673818137
0,0,0.987833737638624,0.012166262361375945
0,0,0.9929388639534393,0.007061136046560697
0,0,0.966164821466458,0.03383517853354201
0,0,0.9863868543057853,0.013613145694214636
0,0,0.9536153755906825,0.04638462440931742
0,1,0.391296337056834,0.608703662943166
0,0,0.9816085958293367,0.018391404170663293
0,0,0.9862974434547129,0.013702556545287117
0,0,0.9863969196488542,0.013603080351145797
0,0,0.9619230950572752,0.03807690494272481
0,0,0.9822482210422266,0.017751778957773377
0,0,0.9793612102526397,0.020638789747360387
0,0,0.9882578078622957,0.011742192137704317
0,0,0.9827469009432435,0.017253099056756493
0,0,0.9836068225477861,0.016393177452213865
0,0,0.9731682941610662,0.026831705838933743
0,0,0.9899622348355845,0.010037765164415487
1,1,0.1027231184285321,0.8972768815714679
0,0,0.976817412667426,0.02318258733257396
0,0,0.9909407674859577,0.009059232514042259
0,0,0.9899232960342176,0.010076703965782462
1,1,0.02272112592535125,0.9772788740746488
0,0,0.9867369218415871,0.013263078158412824
0,0,0.990515759588555,0.009484240411444972
1,1,0.13814013090078325,0.8618598690992167
0,0,0.9875705415563824,0.012429458443617666
1,1,0.004131903762253697,0.9958680962377463
0,0,0.9858573463263188,0.014142653673681185
0,0,0.8081284634988974,0.19187153650110259
0,0,0.987796830695411,0.012203169304588977
0,0,0.9733358433963719,0.026664156603628097
0,0,0.9863463691282192,0.01365363087178088
0,0,0.9857488847957616,0.014251115204238428
0,0,0.9819261239068304,0.018073876093169555
0,0,0.9848982595981175,0.015101740401882502
0,0,0.965274090808154,0.03472590919184603
0,0,0.9805937318401116,0.01940626815988846
0,0,0.9951633948875211,0.004836605112478894
0,0,0.9584997837700125,0.04150021622998747
0,0,0.9842687699175788,0.01573123008242116
0,0,0.9968832526128865,0.00311674738711355
1,1,0.07009155102990516,0.9299084489700948
0,0,0.9945691667843527,0.005430833215647284
1,0,0.9816553131255709,0.01834468687442911
0,0,0.9668817330004689,0.03311826699953114
0,0,0.9813832847064524,0.018616715293547574
0,0,0.9642243028094268,0.03577569719057313
0,0,0.9680708975998835,0.031929102400116476
0,0,0.9237213448869832,0.07627865511301674
1,1,0.03433499978585186,0.9656650002141481
0,0,0.9920899619462323,0.007910038053767625
0,0,0.9761078247220178,0.023892175277982205
0,0,0.9889941980787014,0.011005801921298576
0,0,0.9703318323250822,0.029668167674917797
1,1,0.020710901854589348,0.9792890981454107
0,0,0.98614753761873,0.013852462381270003
