endpoint,model_name,c_specific_within,c_pooled_within,c_pooled_allpairs,auc_specific_within,auc_pooled_within,auc_pooled_allpairs
extreme_os,autogluon,0.5172552118894275,0.508791969833387,0.6411948653049808,0.5764444034872145,0.5405728950404907,0.7570003212577899
extreme_os,catboost,0.5162601029549089,0.5207683099876136,0.655357765231128,0.5884357365545828,0.5752055398151878,0.7818914053267046
extreme_os,lightgbm,0.5190911895856969,0.5314239025467267,0.6541020177421676,0.5719729427812248,0.560156477478833,0.7618629155058563
extreme_os,logistic_regression,0.5012268021478183,0.5129432513353539,0.5139577403792122,0.5377175886383795,0.5111924169340949,0.5223343995245217
extreme_os,random_forest,0.5156805891781288,0.5214491560791911,0.6528283588778448,0.5830287856528829,0.5800385376401533,0.7807536384474087
extreme_os,tabfm_default,0.5298644566683655,0.5188247266386619,0.6522100793103711,0.5983471067559112,0.5674498591748566,0.7802843792370762
extreme_os,tabpfn_v2,0.5291895868837526,0.5167913210648012,0.6553625483511835,0.5969195861337101,0.5745348981969495,0.7839217959717396
extreme_os,tabpfn_v2_5,0.5349537478979958,0.5227458783675613,0.6556415497245094,0.6017481226472406,0.5783290723364961,0.784668256905292
extreme_os,tabpfn_v2_6,0.5339067780332197,0.5174964337941563,0.6529927407528355,0.6046011663741873,0.5554828199166293,0.7780659155423885
extreme_os,tabpfn_v3,0.5320637858402917,0.5163764363662794,0.6541826482186913,0.6005946830679836,0.5779481084464393,0.7861943445707738
extreme_os,xgboost,0.5172328307792275,0.528077873778638,0.6543124950209308,0.5709300254737899,0.563592010043027,0.7679974430846654
os_3yr,autogluon,0.5204256706764111,0.542631016940934,0.6608318900504758,0.5222488703504313,0.5500606345665465,0.7018101210127534
os_3yr,catboost,0.5369583193199791,0.542783480040576,0.6693152548328155,0.5362498009332969,0.5555854833118925,0.712939471382666
os_3yr,lightgbm,0.5308199448448956,0.5331529059693113,0.6548307972670713,0.5340893874712263,0.548856584744306,0.6980637476418091
os_3yr,logistic_regression,0.5053308946568904,0.531977015921657,0.527456733511061,0.5063222354126564,0.5469783483134071,0.5359160489113018
os_3yr,random_forest,0.5397752331325425,0.543630548174503,0.6706734929761926,0.5432496572218571,0.5522670162334931,0.7159593466887146
os_3yr,tabfm_default,0.5284558101261331,0.5499557779078701,0.6741030189145678,0.5369774764538059,0.5626032709944556,0.7205063393466774
os_3yr,tabpfn_v3,0.5258609604456049,0.5339365186778527,0.6692977300528173,0.5286681742683165,0.5389900525125267,0.7140010647420999
os_3yr,xgboost,0.5340607405352105,0.5361545860954872,0.6577631639776811,0.5439659877184312,0.5452372863145838,0.7007256972408206
os_5yr,autogluon,0.5135708967007448,0.517622093334029,0.6463134165865622,0.5505022494237733,0.5587061532010393,0.7438238415600951
os_5yr,catboost,0.5204044685158277,0.5239657804207445,0.6491215824527271,0.5510348041853742,0.5638000083897362,0.748541691990633
os_5yr,lightgbm,0.5200927621243939,0.5205019657010765,0.6393150200617904,0.5557028145109197,0.5283848743625841,0.7191816715071734
os_5yr,logistic_regression,0.5082573127318606,0.5178770849277294,0.5231112950063889,0.5271492327874236,0.5388320747476041,0.5418876330518702
os_5yr,random_forest,0.5205437456939499,0.5243476055674978,0.6486422518056244,0.5555218457634954,0.5606892247631863,0.7471242337658225
os_5yr,tabfm_default,0.516815141503808,0.5147267220414081,0.6506555160951286,0.5596681255968838,0.5433636612446552,0.7528415853952757
os_5yr,tabpfn_v2,0.5156863027906289,0.5205159380902658,0.6509605153792409,0.5520402723665294,0.5579765036499967,0.7505668762645772
os_5yr,tabpfn_v2_5,0.5219231587295248,0.5193374185904417,0.6505176727849669,0.5587183789501682,0.5570698456481805,0.7530081418851347
os_5yr,tabpfn_v2_6,0.519907288132484,0.5162852442002749,0.6505938202643139,0.550966441865434,0.5486633442752713,0.7523603288318909
os_5yr,tabpfn_v3,0.5211924622066713,0.5145265161368516,0.6518345116264639,0.5607392368786133,0.5488499518729001,0.7542922092489522
os_5yr,xgboost,0.5210932045404633,0.5241205995940521,0.6452464395862275,0.5526294321885343,0.5502680894799181,0.7336567498641152
