endpoint,os_3yr,os_3yr,os_3yr,os_3yr,os_3yr,os_5yr,os_5yr,os_5yr,os_5yr,extreme_os,extreme_os,extreme_os,extreme_os
cancer,BRCA,ESCA,HNSCC,LSCC,LUAD,BRCA,HNSCC,LSCC,LUAD,BRCA,HNSCC,LSCC,LUAD
model_name,,,,,,,,,,,,,
logistic_regression,0.5361257165247152,0.4287383172383172,0.5276958712871083,0.506835314938492,0.5322159570746493,0.5208746240420655,0.5219793011988689,0.5464777032764607,0.5192847389782668,0.4548322909562543,0.6014187982419636,0.5825016597403215,0.5121176056149781
random_forest,0.5777977679258602,0.4398887223887224,0.5778233163845755,0.563885783938097,0.5568526954720302,0.5818215064347008,0.5464444241890674,0.5650902903440259,0.5287533596444558,0.5685540994791541,0.6716111045888169,0.55901560065025,0.5329343378933107
catboost,0.5596225731159907,0.4260745920745921,0.5944346062412513,0.5482387305085435,0.5528785027261068,0.5652834670054375,0.5561425980898239,0.5606727153696766,0.5220404362765589,0.5663651308420113,0.693553834747867,0.5824968531904666,0.5113271274379864
xgboost,0.5778981195240032,0.476004773004773,0.5997201421783775,0.5242605560397096,0.5419463478452926,0.5628990069811864,0.5667139899909432,0.5421579466405302,0.5387467851414772,0.5417976248418149,0.6880866103266808,0.5237119525973426,0.5301239141293212
lightgbm,0.5699123992983934,0.4396505161505161,0.5942342447364001,0.5299565916552592,0.5366931855155626,0.5548590493730882,0.57760123331812,0.5523093709763105,0.5380416043761597,0.5432098494347825,0.6647865102815183,0.544012375268823,0.5358830361397753
autogluon,0.5460409283422971,0.4269907037407037,0.5730687423166817,0.5384387873095626,0.5267051900429113,0.5194163082206821,0.5663306397380226,0.5710021190443598,0.5452599306920292,0.5351597491676087,0.689608830075375,0.5534485906127455,0.5275604440931287
tabfm_default,0.566963556444664,0.4740059662559662,0.5592322750042111,0.5626615378425314,0.5220240467216568,0.552175526889418,0.5941500832712339,0.5765082264751781,0.5158386657517057,0.5856544458173006,0.6974158488690249,0.603640819018179,0.5066773133191405
tabpfn_v2,0.590678074601866,0.5041314241314241,0.5725772835781003,0.5598067259738303,0.5338078217981457,0.5422296655083256,0.5629454357832765,0.5941084090300469,0.5088775791444687,0.5833595653688577,0.7014740283905262,0.5895578870784361,0.5132868636970204
tabpfn_v2_5,0.5942331500607234,0.4578748473748474,0.584851903373883,0.5547943318843571,0.520762976036086,0.557332157001224,0.5465513771524391,0.601206040877273,0.5297839407697364,0.6035495430724316,0.6881028951127638,0.5911268807115132,0.5242131716922542
tabpfn_v2_6,0.5732635120697783,0.4626218781218781,0.579125373671055,0.5551875525184482,0.5367958883930772,0.554610572670905,0.5512158343597545,0.5980335731995167,0.5000057872315596,0.6128634319677924,0.7164605118398656,0.586168072289609,0.502912649399482
tabpfn_v3,0.5697252045467465,0.4251292041292041,0.5701477242066174,0.5618058851872919,0.5165328532717224,0.5396690078385623,0.5675573739836771,0.606117379762098,0.5296131859301157,0.5787980092914168,0.7085462609857502,0.6095952637166279,0.505439198278139
