metric,endpoint,model_name,n_cancers,mean_specific,mean_pooled,mean_delta,ci_low,ci_high
auc,extreme_os,autogluon,4,0.5764444034872145,0.5405728950404907,-0.035871508446723765,-0.07054748361410114,-0.0023661650852273316
auc,extreme_os,catboost,4,0.5884357365545828,0.5752055398151878,-0.013230196739394934,-0.05057914477731734,0.02460592806029819
auc,extreme_os,lightgbm,4,0.5719729427812248,0.560156477478833,-0.011816465302391749,-0.05064905563286017,0.025710362583516277
auc,extreme_os,logistic_regression,4,0.5377175886383795,0.5111924169340949,-0.02652517170428463,-0.06611583493577143,0.012489785278067026
auc,extreme_os,random_forest,4,0.5830287856528829,0.5800385376401533,-0.0029902480127295683,-0.03717045659199516,0.03134887645698381
auc,extreme_os,tabfm_default,4,0.5983471067559112,0.5674498591748566,-0.03089724758105461,-0.06182380346156826,0.0007231460571758088
auc,extreme_os,tabpfn_v2,4,0.5969195861337101,0.5745348981969495,-0.022384687936760655,-0.05652321476907573,0.013874536064615207
auc,extreme_os,tabpfn_v2_5,4,0.6017481226472406,0.5783290723364961,-0.023419050310744538,-0.05837589835107902,0.012700878941832137
auc,extreme_os,tabpfn_v2_6,4,0.6046011663741873,0.5554828199166293,-0.04911834645755789,-0.08236436128984448,-0.01621545105116115
auc,extreme_os,tabpfn_v3,4,0.6005946830679836,0.5779481084464393,-0.02264657462154418,-0.05544170414208552,0.012493049657814056
auc,extreme_os,xgboost,4,0.5709300254737899,0.563592010043027,-0.007338015430762984,-0.044740314359667764,0.02952484750378561
auc,os_3yr,autogluon,5,0.5222488703504313,0.5500606345665465,0.027811764216115288,-0.005777376366616873,0.05395130837917224
auc,os_3yr,catboost,5,0.5362498009332969,0.5555854833118925,0.019335682378595655,-0.019518195975850458,0.0560503607394114
auc,os_3yr,lightgbm,5,0.5340893874712263,0.548856584744306,0.01476719727307969,-0.020302195027870486,0.046649954990602004
auc,os_3yr,logistic_regression,5,0.5063222354126564,0.5469783483134071,0.04065611290075061,0.0004651843014198833,0.07430933251357873
auc,os_3yr,random_forest,5,0.5432496572218571,0.5522670162334931,0.009017359011635872,-0.025999443149199178,0.04205471069640416
auc,os_3yr,tabfm_default,5,0.5369774764538059,0.5626032709944556,0.02562579454064968,-0.011050898753691167,0.06122084028048597
auc,os_3yr,tabpfn_v3,5,0.5286681742683165,0.5389900525125267,0.010321878244210303,-0.02522701654693291,0.04328972546989229
auc,os_3yr,xgboost,5,0.5439659877184312,0.5452372863145838,0.001271298596152648,-0.03828430182748619,0.03674821117107674
auc,os_5yr,autogluon,4,0.5505022494237733,0.5587061532010393,0.00820390377726593,-0.016785853290172768,0.034430683077528154
auc,os_5yr,catboost,4,0.5510348041853742,0.5638000083897362,0.01276520420436203,-0.017034442499586404,0.0424988488993886
auc,os_5yr,lightgbm,4,0.5557028145109197,0.5283848743625841,-0.027317940148335468,-0.062153897614955406,0.006157998042503597
auc,os_5yr,logistic_regression,4,0.5271492327874236,0.5388320747476041,0.011682841960180407,-0.02489676370763802,0.0491700200810794
auc,os_5yr,random_forest,4,0.5555218457634954,0.5606892247631863,0.005167378999690969,-0.02427446688409355,0.03447154005680075
auc,os_5yr,tabfm_default,4,0.5596681255968838,0.5433636612446552,-0.01630446435222871,-0.046112572439017153,0.013554997370659612
auc,os_5yr,tabpfn_v2,4,0.5520402723665294,0.5579765036499967,0.0059362312834672915,-0.024133513055212677,0.034985600472245255
auc,os_5yr,tabpfn_v2_5,4,0.5587183789501682,0.5570698456481805,-0.0016485333019876647,-0.03141244389235296,0.026266814930276317
auc,os_5yr,tabpfn_v2_6,4,0.550966441865434,0.5486633442752713,-0.002303097590162617,-0.030594483435209516,0.02612177038160478
auc,os_5yr,tabpfn_v3,4,0.5607392368786133,0.5488499518729001,-0.011889285005713207,-0.04199821564174484,0.018078340312638667
auc,os_5yr,xgboost,4,0.5526294321885343,0.5502680894799181,-0.0023613427086162653,-0.0353073688297408,0.028403247430719127
cidx,extreme_os,autogluon,4,0.5172552118894275,0.508791969833387,-0.008463242056040404,-0.02902994289126894,0.012269699497604869
cidx,extreme_os,catboost,4,0.5162601029549089,0.5207683099876136,0.0045082070327046725,-0.019124781754331067,0.027659690173887082
cidx,extreme_os,lightgbm,4,0.5190911895856969,0.5314239025467267,0.012332712961029751,-0.010692977844993594,0.036097222579428226
cidx,extreme_os,logistic_regression,4,0.5012268021478183,0.5129432513353539,0.011716449187535574,-0.012500922025416012,0.03586090214176936
cidx,extreme_os,random_forest,4,0.5156805891781288,0.5214491560791911,0.0057685669010623525,-0.0158685263634157,0.028241069634724055
cidx,extreme_os,tabfm_default,4,0.5298644566683655,0.5188247266386619,-0.01103973002970364,-0.029709564659970895,0.009269637045388836
cidx,extreme_os,tabpfn_v2,4,0.5291895868837526,0.5167913210648012,-0.01239826581895144,-0.03223249236456352,0.009983860172305903
cidx,extreme_os,tabpfn_v2_5,4,0.5349537478979958,0.5227458783675613,-0.01220786953043447,-0.03203157412004949,0.00895364050407289
cidx,extreme_os,tabpfn_v2_6,4,0.5339067780332197,0.5174964337941563,-0.01641034423906343,-0.03458290929969294,0.002405816563764259
cidx,extreme_os,tabpfn_v3,4,0.5320637858402917,0.5163764363662794,-0.015687349474012346,-0.03591122546847086,0.004771230578229173
cidx,extreme_os,xgboost,4,0.5172328307792275,0.528077873778638,0.01084504299941047,-0.012413056828591373,0.032869206628035844
cidx,os_3yr,autogluon,5,0.5204256706764111,0.542631016940934,0.022205346264522908,0.003175513861658231,0.04046531669232051
cidx,os_3yr,catboost,5,0.5369583193199791,0.542783480040576,0.005825160720597,-0.014260969933000418,0.02628151974391818
cidx,os_3yr,lightgbm,5,0.5308199448448956,0.5331529059693113,0.002332961124415678,-0.017243356730639644,0.022597822284657055
cidx,os_3yr,logistic_regression,5,0.5053308946568904,0.531977015921657,0.02664612126476661,0.005015733911682545,0.04683246160023163
cidx,os_3yr,random_forest,5,0.5397752331325425,0.543630548174503,0.003855315041960572,-0.015050920704059655,0.023093464427989405
cidx,os_3yr,tabfm_default,5,0.5284558101261331,0.5499557779078701,0.021499967781737007,0.0019058491018866981,0.04050533293412555
cidx,os_3yr,tabpfn_v3,5,0.5258609604456049,0.5339365186778527,0.008075558232247837,-0.011828519358417465,0.027980621813435875
cidx,os_3yr,xgboost,5,0.5340607405352105,0.5361545860954872,0.002093845560276786,-0.018800084882937433,0.024611692984520893
cidx,os_5yr,autogluon,4,0.5135708967007448,0.517622093334029,0.004051196633284168,-0.011771815126132072,0.019181708003679285
cidx,os_5yr,catboost,4,0.5204044685158277,0.5239657804207445,0.00356131190491675,-0.012000997387226422,0.019468438143421567
cidx,os_5yr,lightgbm,4,0.5200927621243939,0.5205019657010765,0.00040920357668269847,-0.01787372150344731,0.017696017499944542
cidx,os_5yr,logistic_regression,4,0.5082573127318606,0.5178770849277294,0.00961977219586882,-0.010139963696946813,0.03039179450106565
cidx,os_5yr,random_forest,4,0.5205437456939499,0.5243476055674978,0.003803859873547935,-0.012659770575455054,0.019548294247470926
cidx,os_5yr,tabfm_default,4,0.516815141503808,0.5147267220414081,-0.0020884194623999874,-0.018903521649638363,0.014452223528238715
cidx,os_5yr,tabpfn_v2,4,0.5156863027906289,0.5205159380902658,0.0048296352996368835,-0.011552387856885244,0.02138355904423576
cidx,os_5yr,tabpfn_v2_5,4,0.5219231587295248,0.5193374185904417,-0.0025857401390831924,-0.01900149734936926,0.012906672940164851
cidx,os_5yr,tabpfn_v2_6,4,0.519907288132484,0.5162852442002749,-0.0036220439322090375,-0.018404616106822345,0.012440841598400433
cidx,os_5yr,tabpfn_v3,4,0.5211924622066713,0.5145265161368516,-0.006665946069819573,-0.023586528973576104,0.009367562105479602
cidx,os_5yr,xgboost,4,0.5210932045404633,0.5241205995940521,0.003027395053588844,-0.014223159424003156,0.019600917788766305
