study,dataset,model,roc_auc,run
baselines,australian,autogluon,0.9479010494752624,/home/prime/Documents/g3/tab-r1/results-s2/runs/australian_dataset/20260430_070406/metrics/metrics_summary.csv
baselines,australian,catboost,0.9550224887556222,/home/prime/Documents/g3/tab-r1/results-s2/runs/australian_dataset/20260430_070406/metrics/metrics_summary.csv
baselines,australian,lightgbm,0.9475262368815592,/home/prime/Documents/g3/tab-r1/results-s2/runs/australian_dataset/20260430_070406/metrics/metrics_summary.csv
baselines,australian,logistic_regression,0.949400299850075,/home/prime/Documents/g3/tab-r1/results-s2/runs/australian_dataset/20260430_070406/metrics/metrics_summary.csv
baselines,australian,random_forest,0.9424662668665666,/home/prime/Documents/g3/tab-r1/results-s2/runs/australian_dataset/20260430_070406/metrics/metrics_summary.csv
baselines,australian,tabpfn,0.9550224887556222,/home/prime/Documents/g3/tab-r1/results-s2/runs/australian_dataset/20260430_070406/metrics/metrics_summary.csv
baselines,australian,xgboost,0.9482758620689656,/home/prime/Documents/g3/tab-r1/results-s2/runs/australian_dataset/20260430_070406/metrics/metrics_summary.csv
baselines,blood_transfusion_service_center,autogluon,0.7784237726098192,/home/prime/Documents/g3/tab-r1/results-s2/runs/blood_transfusion_service_center/20260430_070426/metrics/metrics_summary.csv
baselines,blood_transfusion_service_center,catboost,0.8008182601205857,/home/prime/Documents/g3/tab-r1/results-s2/runs/blood_transfusion_service_center/20260430_070426/metrics/metrics_summary.csv
baselines,blood_transfusion_service_center,lightgbm,0.7687338501291989,/home/prime/Documents/g3/tab-r1/results-s2/runs/blood_transfusion_service_center/20260430_070426/metrics/metrics_summary.csv
baselines,blood_transfusion_service_center,logistic_regression,0.7827304048234281,/home/prime/Documents/g3/tab-r1/results-s2/runs/blood_transfusion_service_center/20260430_070426/metrics/metrics_summary.csv
baselines,blood_transfusion_service_center,random_forest,0.7665805340223946,/home/prime/Documents/g3/tab-r1/results-s2/runs/blood_transfusion_service_center/20260430_070426/metrics/metrics_summary.csv
baselines,blood_transfusion_service_center,tabpfn,0.8083548664944014,/home/prime/Documents/g3/tab-r1/results-s2/runs/blood_transfusion_service_center/20260430_070426/metrics/metrics_summary.csv
baselines,blood_transfusion_service_center,xgboost,0.7870370370370371,/home/prime/Documents/g3/tab-r1/results-s2/runs/blood_transfusion_service_center/20260430_070426/metrics/metrics_summary.csv
baselines,car,autogluon,1.0,/home/prime/Documents/g3/tab-r1/results-s2/runs/car/20260430_070441/metrics/metrics_summary.csv
baselines,car,catboost,1.0,/home/prime/Documents/g3/tab-r1/results-s2/runs/car/20260430_070441/metrics/metrics_summary.csv
baselines,car,lightgbm,1.0,/home/prime/Documents/g3/tab-r1/results-s2/runs/car/20260430_070441/metrics/metrics_summary.csv
baselines,car,logistic_regression,0.7849154987950482,/home/prime/Documents/g3/tab-r1/results-s2/runs/car/20260430_070441/metrics/metrics_summary.csv
baselines,car,random_forest,0.9982148863528028,/home/prime/Documents/g3/tab-r1/results-s2/runs/car/20260430_070441/metrics/metrics_summary.csv
baselines,car,tabpfn,0.9999786616592694,/home/prime/Documents/g3/tab-r1/results-s2/runs/car/20260430_070441/metrics/metrics_summary.csv
baselines,car,xgboost,0.9996756977018132,/home/prime/Documents/g3/tab-r1/results-s2/runs/car/20260430_070441/metrics/metrics_summary.csv
baselines,chum,autogluon,0.9128969881636002,/home/prime/Documents/g3/tab-r1/results-s2/runs/chum/20260430_070514/metrics/metrics_summary.csv
baselines,chum,catboost,0.9256123286065862,/home/prime/Documents/g3/tab-r1/results-s2/runs/chum/20260430_070514/metrics/metrics_summary.csv
baselines,chum,lightgbm,0.9266231102777452,/home/prime/Documents/g3/tab-r1/results-s2/runs/chum/20260430_070514/metrics/metrics_summary.csv
baselines,chum,logistic_regression,0.83092112973163,/home/prime/Documents/g3/tab-r1/results-s2/runs/chum/20260430_070514/metrics/metrics_summary.csv
baselines,chum,random_forest,0.9149991210594164,/home/prime/Documents/g3/tab-r1/results-s2/runs/chum/20260430_070514/metrics/metrics_summary.csv
baselines,chum,tabpfn,0.9253852689558186,/home/prime/Documents/g3/tab-r1/results-s2/runs/chum/20260430_070514/metrics/metrics_summary.csv
baselines,chum,xgboost,0.9285274815422478,/home/prime/Documents/g3/tab-r1/results-s2/runs/chum/20260430_070514/metrics/metrics_summary.csv
baselines,cmc,autogluon,0.7404890556146717,/home/prime/Documents/g3/tab-r1/results-s2/runs/cmc/20260430_070553/metrics/metrics_summary.csv
baselines,cmc,catboost,0.7206023861124558,/home/prime/Documents/g3/tab-r1/results-s2/runs/cmc/20260430_070553/metrics/metrics_summary.csv
baselines,cmc,lightgbm,0.7106677275494454,/home/prime/Documents/g3/tab-r1/results-s2/runs/cmc/20260430_070553/metrics/metrics_summary.csv
baselines,cmc,logistic_regression,0.6970030548499128,/home/prime/Documents/g3/tab-r1/results-s2/runs/cmc/20260430_070553/metrics/metrics_summary.csv
baselines,cmc,random_forest,0.7131555561147597,/home/prime/Documents/g3/tab-r1/results-s2/runs/cmc/20260430_070553/metrics/metrics_summary.csv
baselines,cmc,tabpfn,0.7464734482165772,/home/prime/Documents/g3/tab-r1/results-s2/runs/cmc/20260430_070553/metrics/metrics_summary.csv
baselines,cmc,xgboost,0.7236279539317825,/home/prime/Documents/g3/tab-r1/results-s2/runs/cmc/20260430_070553/metrics/metrics_summary.csv
baselines,credit_g,autogluon,0.7834920634920635,/home/prime/Documents/g3/tab-r1/results-s2/runs/credit_g/20260430_070613/metrics/metrics_summary.csv
baselines,credit_g,catboost,0.8342857142857143,/home/prime/Documents/g3/tab-r1/results-s2/runs/credit_g/20260430_070613/metrics/metrics_summary.csv
baselines,credit_g,lightgbm,0.768042328042328,/home/prime/Documents/g3/tab-r1/results-s2/runs/credit_g/20260430_070613/metrics/metrics_summary.csv
baselines,credit_g,logistic_regression,0.7388359788359788,/home/prime/Documents/g3/tab-r1/results-s2/runs/credit_g/20260430_070613/metrics/metrics_summary.csv
baselines,credit_g,random_forest,0.7958730158730158,/home/prime/Documents/g3/tab-r1/results-s2/runs/credit_g/20260430_070613/metrics/metrics_summary.csv
baselines,credit_g,tabpfn,0.8260317460317461,/home/prime/Documents/g3/tab-r1/results-s2/runs/credit_g/20260430_070613/metrics/metrics_summary.csv
baselines,credit_g,xgboost,0.7892063492063491,/home/prime/Documents/g3/tab-r1/results-s2/runs/credit_g/20260430_070613/metrics/metrics_summary.csv
generations,ada,tabfm,0.9005100634132892,/home/prime/Documents/g3/tab-r1/Evaluate-TABPFN/tabfm-test/outputs_satya_7_stratified_cap1024/runs/ada_dataset/20260704_025847
generations,ada,tabpfn_v1,0.9009511993382961,/home/prime/Documents/g3/tab-r1/Evaluate-TABPFN/pfn3-test/outputs_generation_v1_cap/runs/ada_dataset/20260520_014749
generations,ada,tabpfn_v2,0.9158533223049352,/home/prime/Documents/g3/tab-r1/Evaluate-TABPFN/pfn3-test/outputs_generation_current_cap/runs/ada_dataset/20260520_014745
generations,ada,tabpfn_v2_5,0.9143300248138958,/home/prime/Documents/g3/tab-r1/Evaluate-TABPFN/pfn3-test/outputs_generation_current_cap/runs/ada_dataset/20260520_014745
generations,ada,tabpfn_v2_6,0.9108147229114971,/home/prime/Documents/g3/tab-r1/Evaluate-TABPFN/pfn3-test/outputs_generation_current_cap/runs/ada_dataset/20260520_014745
generations,australian,tabfm,0.9842578710644678,/home/prime/Documents/g3/tab-r1/Evaluate-TABPFN/tabfm-test/outputs_satya_7_stratified_cap1024/runs/australian_dataset/20260704_030020
generations,australian,tabpfn_v1,0.944527736131934,/home/prime/Documents/g3/tab-r1/Evaluate-TABPFN/pfn3-test/outputs_generation_v1_cap/runs/australian_dataset/20260520_014758
generations,australian,tabpfn_v2,0.9523988005997002,/home/prime/Documents/g3/tab-r1/Evaluate-TABPFN/pfn3-test/outputs_generation_current_cap/runs/australian_dataset/20260520_014813
generations,australian,tabpfn_v2_5,0.9553973013493253,/home/prime/Documents/g3/tab-r1/Evaluate-TABPFN/pfn3-test/outputs_generation_current_cap/runs/australian_dataset/20260520_014813
generations,australian,tabpfn_v2_6,0.9449025487256372,/home/prime/Documents/g3/tab-r1/Evaluate-TABPFN/pfn3-test/outputs_generation_current_cap/runs/australian_dataset/20260520_014813
generations,australian,tabpfn_v3,0.9479010494752623,/home/prime/Documents/g3/tab-r1/Evaluate-TABPFN/pfn3-test/outputs_generation_current_cap/runs/australian_dataset/20260520_014813
generations,blood_transfusion_service_center,tabfm,0.681739879414298,/home/prime/Documents/g3/tab-r1/Evaluate-TABPFN/tabfm-test/outputs_satya_7_stratified_cap1024/runs/blood_transfusion_service_center/20260704_030042
generations,blood_transfusion_service_center,tabpfn_v1,0.7510766580534023,/home/prime/Documents/g3/tab-r1/Evaluate-TABPFN/pfn3-test/outputs_generation_v1_cap/runs/blood_transfusion_service_center/20260520_014801
generations,blood_transfusion_service_center,tabpfn_v2,0.7532299741602067,/home/prime/Documents/g3/tab-r1/Evaluate-TABPFN/pfn3-test/outputs_generation_current_cap/runs/blood_transfusion_service_center/20260520_014821
generations,blood_transfusion_service_center,tabpfn_v2_5,0.7527993109388458,/home/prime/Documents/g3/tab-r1/Evaluate-TABPFN/pfn3-test/outputs_generation_current_cap/runs/blood_transfusion_service_center/20260520_014821
generations,blood_transfusion_service_center,tabpfn_v2_6,0.7454780361757106,/home/prime/Documents/g3/tab-r1/Evaluate-TABPFN/pfn3-test/outputs_generation_current_cap/runs/blood_transfusion_service_center/20260520_014821
generations,blood_transfusion_service_center,tabpfn_v3,0.7472006890611542,/home/prime/Documents/g3/tab-r1/Evaluate-TABPFN/pfn3-test/outputs_generation_current_cap/runs/blood_transfusion_service_center/20260520_014821
generations,car,tabfm,1.0,/home/prime/Documents/g3/tab-r1/Evaluate-TABPFN/tabfm-test/outputs_satya_7_stratified_cap1024/runs/car/20260704_030101
generations,car,tabpfn_v1,0.9967425654743748,/home/prime/Documents/g3/tab-r1/Evaluate-TABPFN/pfn3-test/outputs_generation_v1_cap/runs/car/20260520_014802
generations,car,tabpfn_v2,0.9999573233185388,/home/prime/Documents/g3/tab-r1/Evaluate-TABPFN/pfn3-test/outputs_generation_current_cap/runs/car/20260520_014826
generations,car,tabpfn_v2_5,0.9999786616592694,/home/prime/Documents/g3/tab-r1/Evaluate-TABPFN/pfn3-test/outputs_generation_current_cap/runs/car/20260520_014826
generations,car,tabpfn_v2_6,0.9997506316148856,/home/prime/Documents/g3/tab-r1/Evaluate-TABPFN/pfn3-test/outputs_generation_current_cap/runs/car/20260520_014826
generations,car,tabpfn_v3,1.0,/home/prime/Documents/g3/tab-r1/Evaluate-TABPFN/pfn3-test/outputs_generation_current_cap/runs/car/20260520_014826
generations,chum,tabfm,0.9168375717801476,/home/prime/Documents/g3/tab-r1/Evaluate-TABPFN/tabfm-test/outputs_satya_7_stratified_cap1024/runs/chum/20260704_030130
generations,chum,tabpfn_v1,0.9214080628149537,/home/prime/Documents/g3/tab-r1/Evaluate-TABPFN/pfn3-test/outputs_generation_v1_cap/runs/chum/20260520_014806
generations,chum,tabpfn_v2,0.9280074416969413,/home/prime/Documents/g3/tab-r1/Evaluate-TABPFN/pfn3-test/outputs_generation_current_cap/runs/chum/20260520_014833
generations,chum,tabpfn_v2_5,0.9299118129614439,/home/prime/Documents/g3/tab-r1/Evaluate-TABPFN/pfn3-test/outputs_generation_current_cap/runs/chum/20260520_014833
generations,chum,tabpfn_v2_6,0.9269673620063283,/home/prime/Documents/g3/tab-r1/Evaluate-TABPFN/pfn3-test/outputs_generation_current_cap/runs/chum/20260520_014833
generations,chum,tabpfn_v3,0.9345189265205672,/home/prime/Documents/g3/tab-r1/Evaluate-TABPFN/pfn3-test/outputs_generation_current_cap/runs/chum/20260520_014833
generations,cmc,tabfm,0.7482704833029095,/home/prime/Documents/g3/tab-r1/Evaluate-TABPFN/tabfm-test/outputs_satya_7_stratified_cap1024/runs/cmc/20260704_030217
generations,cmc,tabpfn_v1,0.7474718193608337,/home/prime/Documents/g3/tab-r1/Evaluate-TABPFN/pfn3-test/outputs_generation_v1_cap/runs/cmc/20260520_014812
generations,cmc,tabpfn_v2,0.7555411899174741,/home/prime/Documents/g3/tab-r1/Evaluate-TABPFN/pfn3-test/outputs_generation_current_cap/runs/cmc/20260520_014845
generations,cmc,tabpfn_v2_5,0.7532988327636554,/home/prime/Documents/g3/tab-r1/Evaluate-TABPFN/pfn3-test/outputs_generation_current_cap/runs/cmc/20260520_014845
generations,cmc,tabpfn_v2_6,0.749895790850934,/home/prime/Documents/g3/tab-r1/Evaluate-TABPFN/pfn3-test/outputs_generation_current_cap/runs/cmc/20260520_014845
generations,cmc,tabpfn_v3,0.7500686614498105,/home/prime/Documents/g3/tab-r1/Evaluate-TABPFN/pfn3-test/outputs_generation_current_cap/runs/cmc/20260520_014845
generations,credit_g,tabfm,0.8221164021164021,/home/prime/Documents/g3/tab-r1/Evaluate-TABPFN/tabfm-test/outputs_satya_7_stratified_cap1024/runs/credit_g/20260704_030245
generations,credit_g,tabpfn_v1,0.773968253968254,/home/prime/Documents/g3/tab-r1/Evaluate-TABPFN/pfn3-test/outputs_generation_v1_cap/runs/credit_g/20260520_014815
generations,credit_g,tabpfn_v2,0.7842328042328042,/home/prime/Documents/g3/tab-r1/Evaluate-TABPFN/pfn3-test/outputs_generation_current_cap/runs/credit_g/20260520_014852
generations,credit_g,tabpfn_v2_5,0.7892063492063492,/home/prime/Documents/g3/tab-r1/Evaluate-TABPFN/pfn3-test/outputs_generation_current_cap/runs/credit_g/20260520_014852
generations,credit_g,tabpfn_v2_6,0.776084656084656,/home/prime/Documents/g3/tab-r1/Evaluate-TABPFN/pfn3-test/outputs_generation_current_cap/runs/credit_g/20260520_014852
generations,credit_g,tabpfn_v3,0.7877248677248677,/home/prime/Documents/g3/tab-r1/Evaluate-TABPFN/pfn3-test/outputs_generation_current_cap/runs/credit_g/20260520_014852
