y_true,y_pred,y_true_encoded,y_pred_encoded,prob_acc,prob_good,prob_unacc,prob_vgood
acc,acc,0,0,0.96608335,0.00013050374,0.033744574,4.1534753e-05
good,good,1,1,0.07219357,0.8294633,0.0028377017,0.095505446
unacc,unacc,2,2,0.0002149548,8.065275e-05,0.9996068,9.758209e-05
unacc,unacc,2,2,3.0277879e-05,6.5562335e-06,0.9999577,5.4833954e-06
unacc,unacc,2,2,5.864683e-05,6.3176467e-06,0.9999294,5.542841e-06
acc,acc,0,0,0.9993583,0.00018987125,0.0001679401,0.00028391293
acc,acc,0,0,0.99839985,7.699877e-05,0.0014818091,4.1360017e-05
vgood,vgood,3,3,0.0021418643,0.089107655,9.6555545e-05,0.9086539
unacc,unacc,2,2,1.639082e-05,5.7218863e-06,0.9999721,5.6622835e-06
unacc,unacc,2,2,1.1026628e-05,5.125892e-06,0.999979,4.827875e-06
unacc,unacc,2,2,0.025848376,1.9252291e-05,0.9741206,1.1682505e-05
vgood,vgood,3,3,0.0002555445,0.0013187241,4.7735808e-05,0.99837804
unacc,unacc,2,2,0.00061770173,2.6711428e-05,0.99934316,1.2401734e-05
acc,acc,0,0,0.9864485,8.321824e-05,0.013437004,3.1236646e-05
unacc,unacc,2,2,4.8753496e-05,8.820926e-06,0.99993634,6.0196858e-06
vgood,vgood,3,3,0.012360105,0.23389591,0.00029636596,0.7534476
unacc,unacc,2,2,2.8847579e-05,4.41058e-06,0.9999629,3.8145558e-06
unacc,unacc,2,2,0.4325616,8.790555e-05,0.5673099,4.0466355e-05
good,good,1,1,0.003394485,0.98810786,0.003135131,0.0053625233
unacc,unacc,2,2,0.00015029713,1.4183473e-05,0.99982846,7.0321416e-06
unacc,unacc,2,2,1.3827977e-05,4.410648e-06,0.9999783,3.5165976e-06
unacc,unacc,2,2,4.7740145e-05,1.0728122e-05,0.9999335,8.046092e-06
acc,acc,0,0,0.7774134,0.21266554,0.0034583332,0.0064626765
unacc,unacc,2,2,9.4173765e-06,3.7550299e-06,0.9999833,3.5166154e-06
unacc,unacc,2,2,0.00017280548,4.8266356e-05,0.9997223,5.6668276e-05
unacc,unacc,2,2,2.9145414e-05,8.1058815e-06,0.99995685,6.0198095e-06
unacc,unacc,2,2,0.000866472,2.6764306e-05,0.9990914,1.5379044e-05
unacc,unacc,2,2,4.464122e-05,9.536175e-06,0.9999404,5.4236993e-06
unacc,unacc,2,2,9.4222596e-05,2.3779137e-05,0.999869,1.2992111e-05
unacc,unacc,2,2,0.010703155,5.9122915e-05,0.989176,6.1745304e-05
acc,acc,0,0,0.99922806,0.00034148534,0.0001814737,0.00024896
unacc,unacc,2,2,2.6999862e-05,6.9734742e-06,0.9999614,4.708585e-06
unacc,unacc,2,2,0.00017293506,2.127423e-05,0.9997825,2.3240755e-05
unacc,unacc,2,2,7.199607e-05,7.92672e-06,0.999912,8.105519e-06
unacc,unacc,2,2,8.344521e-06,3.8146381e-06,0.9999845,3.397412e-06
unacc,unacc,2,2,1.966899e-05,3.993401e-06,0.99997246,3.9337983e-06
unacc,unacc,2,2,0.03039019,3.873624e-05,0.96955687,1.4123829e-05
unacc,unacc,2,2,1.0132616e-05,3.2781993e-06,0.99998283,3.8146318e-06
unacc,unacc,2,2,0.00040627416,3.486948e-05,0.99953365,2.5213318e-05
unacc,unacc,2,2,0.00017339943,5.3986216e-05,0.9997112,6.137506e-05
unacc,unacc,2,2,9.868164e-05,5.62533e-05,0.9997603,8.473749e-05
unacc,unacc,2,2,0.0027165522,2.1163449e-05,0.9972494,1.2876916e-05
unacc,unacc,2,2,1.7642513e-05,4.7086432e-06,0.9999738,3.8742005e-06
unacc,unacc,2,2,0.00015911633,1.0846132e-05,0.99982363,6.4957603e-06
unacc,unacc,2,2,1.3231935e-05,4.8874713e-06,0.9999776,4.2318347e-06
unacc,unacc,2,2,0.47205007,0.00041972895,0.52748483,4.5371267e-05
acc,acc,0,0,0.990604,0.00021121356,0.009100777,8.403248e-05
good,good,1,1,0.10631062,0.89247215,0.00073948666,0.0004777341
unacc,unacc,2,2,5.1374765e-05,2.1634616e-05,0.9999136,1.3469486e-05
unacc,unacc,2,2,4.3627682e-05,1.2754541e-05,0.9999331,1.0489716e-05
acc,acc,0,0,0.9897987,0.00030352297,0.00048258487,0.009415173
unacc,unacc,2,2,1.9430452e-05,7.1523136e-06,0.9999659,7.5695316e-06
acc,acc,0,0,0.9852057,0.00018605815,0.014486075,0.00012217143
unacc,unacc,2,2,1.0847845e-05,3.933834e-06,0.9999815,3.6954198e-06
unacc,unacc,2,2,0.00012157136,4.0642975e-05,0.99981815,1.9606361e-05
vgood,vgood,3,3,0.05037421,0.0009935253,9.594384e-05,0.94853634
acc,acc,0,0,0.99850374,4.5298104e-05,0.0014323738,1.8655666e-05
unacc,unacc,2,2,1.2635937e-05,3.993433e-06,0.99998045,2.8013635e-06
unacc,unacc,2,2,3.4092252e-05,7.748239e-06,0.9999529,5.244962e-06
acc,acc,0,0,0.9471789,0.0013998657,0.046138354,0.005282872
unacc,unacc,2,2,0.00023057309,6.932691e-05,0.99960846,9.162121e-05
acc,acc,0,0,0.9816661,5.1927324e-05,0.018253617,2.8378192e-05
unacc,unacc,2,2,4.899166e-05,1.168171e-05,0.99993145,7.867274e-06
unacc,unacc,2,2,0.00020879942,3.4442368e-05,0.9997354,2.1273228e-05
unacc,unacc,2,2,0.02007881,1.7045437e-05,0.97989476,9.41671e-06
unacc,unacc,2,2,1.4006771e-05,5.304692e-06,0.9999771,3.5761968e-06
unacc,unacc,2,2,4.160189e-05,5.960156e-06,0.99994826,4.172109e-06
unacc,unacc,2,2,0.00013826018,1.3349259e-05,0.99983656,1.17997915e-05
unacc,unacc,2,2,5.739482e-05,1.2516004e-05,0.9999224,7.748003e-06
unacc,unacc,2,2,0.000119428674,2.4851175e-05,0.9998406,1.5137167e-05
unacc,unacc,2,2,2.580785e-05,6.7946767e-06,0.9999628,4.589387e-06
unacc,unacc,2,2,3.2244836e-05,3.8741487e-06,0.9999604,3.516535e-06
acc,acc,0,0,0.8751785,0.00012400295,0.12465922,3.827399e-05
unacc,unacc,2,2,5.8407935e-05,1.1502787e-05,0.99992096,9.1783895e-06
unacc,unacc,2,2,0.13061816,0.34449014,0.5239375,0.0009541725
unacc,unacc,2,2,0.0005492612,2.4733443e-05,0.9994113,1.4661269e-05
unacc,unacc,2,2,8.404143e-06,2.443758e-06,0.99998665,2.5033617e-06
acc,acc,0,0,0.9993766,0.0001958344,0.000114544644,0.00031300128
unacc,unacc,2,2,9.112236e-05,3.438692e-05,0.99985576,1.8772755e-05
unacc,unacc,2,2,2.6701933e-05,4.887407e-06,0.9999645,3.9933693e-06
unacc,unacc,2,2,3.063564e-05,3.3973377e-06,0.99996257,3.3377353e-06
unacc,unacc,2,2,0.012739637,5.0658175e-05,0.98719215,1.7521768e-05
unacc,unacc,2,2,1.1980311e-05,3.337798e-06,0.9999814,3.337798e-06
acc,acc,0,0,0.99229765,7.224885e-05,0.00758446,4.5662226e-05
acc,acc,0,0,0.99258786,3.945478e-05,0.0073502706,2.2409362e-05
unacc,unacc,2,2,0.00015535663,6.831876e-05,0.99968493,9.138975e-05
acc,acc,0,0,0.84635264,0.00013461293,0.15347162,4.113504e-05
unacc,unacc,2,2,1.9609246e-05,7.5099238e-06,0.9999652,7.629129e-06
unacc,unacc,2,2,0.00012175341,1.7401857e-05,0.9998449,1.5852376e-05
acc,acc,0,0,0.98008186,0.009911609,0.009690334,0.00031617575
acc,acc,0,0,0.9969578,0.00012122216,0.002889307,3.170609e-05
unacc,unacc,2,2,5.9123056e-05,1.3767567e-05,0.99991965,7.449982e-06
vgood,vgood,3,3,0.00041199295,0.0039177476,5.1141487e-05,0.9956191
unacc,unacc,2,2,9.2971706e-05,1.8296356e-05,0.9998759,1.27538115e-05
unacc,unacc,2,2,4.8812894e-05,1.0549306e-05,0.99993217,8.463286e-06
unacc,unacc,2,2,0.00012729214,2.3420323e-05,0.99981636,3.301491e-05
acc,acc,0,0,0.9881776,0.0034977105,0.0029999446,0.0053247586
vgood,vgood,3,3,0.0035222077,0.03725493,0.00041953748,0.95880336
unacc,unacc,2,2,7.3312804e-06,2.5033642e-06,0.9999876,2.562968e-06
good,acc,1,0,0.5966165,0.3979071,0.0051416676,0.00033470427
unacc,unacc,2,2,2.6225096e-05,5.006609e-06,0.9999639,4.8874044e-06
acc,acc,0,0,0.97640836,0.00056496286,0.022487905,0.00053874095
unacc,unacc,2,2,8.367529e-05,1.662778e-05,0.99988484,1.478025e-05
acc,acc,0,0,0.9589272,0.0011700887,0.03985358,4.91113e-05
unacc,unacc,2,2,6.484477e-05,8.4035955e-06,0.99992156,5.1851976e-06
acc,acc,0,0,0.99946,6.657495e-05,0.00025080336,0.00022255223
acc,acc,0,0,0.99773425,5.889976e-05,0.0020641147,0.00014271865
unacc,unacc,2,2,6.3294545e-05,1.442305e-05,0.99991167,1.060869e-05
acc,acc,0,0,0.95195323,0.00020976533,0.04775022,8.682616e-05
unacc,unacc,2,2,0.00695305,3.4326633e-05,0.9930008,1.179978e-05
unacc,unacc,2,2,3.701271e-05,6.6754005e-06,0.9999521,4.291329e-06
unacc,unacc,2,2,0.0002482288,6.2593725e-05,0.999653,3.6185134e-05
unacc,unacc,2,2,0.00013682232,5.095082e-05,0.9997812,3.0987634e-05
good,good,1,1,0.010208996,0.98690015,0.0023882033,0.00050262903
unacc,unacc,2,2,0.0004930213,3.1469444e-05,0.9994543,2.1158434e-05
unacc,unacc,2,2,4.2853328e-05,7.0925535e-06,0.99994373,6.377338e-06
unacc,unacc,2,2,2.2947082e-05,3.6357715e-06,0.99996924,4.112594e-06
unacc,unacc,2,2,0.00013706206,3.9271257e-05,0.9997912,3.2358563e-05
acc,acc,0,0,0.99605185,0.00019120365,0.00360283,0.00015413112
unacc,unacc,2,2,6.79485e-06,2.4437618e-06,0.9999883,2.4437618e-06
unacc,unacc,2,2,2.8668686e-05,6.973464e-06,0.99995995,4.350965e-06
acc,acc,0,0,0.9958617,4.107817e-05,0.0040827766,1.4428037e-05
unacc,unacc,2,2,2.4496685e-05,4.8874167e-06,0.9999664,4.2317874e-06
good,good,1,1,0.003968291,0.99536943,0.00013044802,0.00053180824
unacc,unacc,2,2,2.7715017e-05,6.377434e-06,0.99995875,7.1522622e-06
acc,acc,0,0,0.972833,0.0003467236,0.00044830836,0.026371978
unacc,unacc,2,2,9.2734015e-05,1.3171091e-05,0.9998834,1.07275855e-05
unacc,unacc,2,2,0.00012692701,6.2986786e-05,0.99975675,5.327359e-05
unacc,unacc,2,2,0.0003400202,2.5453826e-05,0.9996155,1.9015855e-05
unacc,unacc,2,2,0.00010274423,1.9905203e-05,0.99986196,1.531628e-05
unacc,unacc,2,2,2.9979836e-05,7.6290635e-06,0.9999566,5.6621957e-06
unacc,unacc,2,2,8.0637365e-05,8.641846e-06,0.9999043,6.4366855e-06
unacc,unacc,2,2,3.468829e-05,7.033021e-06,0.9999535,4.76815e-06
vgood,vgood,3,3,0.00149824,0.0008869276,4.446559e-05,0.9975704
unacc,unacc,2,2,0.00016525325,7.5592034e-05,0.9996882,7.094205e-05
unacc,unacc,2,2,2.7118875e-05,1.0072725e-05,0.99995434,8.463473e-06
unacc,unacc,2,2,7.926533e-05,1.8534976e-05,0.9998884,1.3826735e-05
unacc,unacc,2,2,1.3649164e-05,4.231837e-06,0.99997807,4.053027e-06
acc,acc,0,0,0.9948814,7.5084055e-05,0.005007511,3.6052264e-05
unacc,unacc,2,2,1.5377604e-05,5.3642807e-06,0.99997437,4.887456e-06
unacc,unacc,2,2,3.9456078e-05,9.715016e-06,0.9999443,6.5561458e-06
acc,acc,0,0,0.9881093,3.8855465e-05,0.011831132,2.0679212e-05
unacc,unacc,2,2,1.6211987e-05,6.615921e-06,0.99997056,6.5563177e-06
acc,acc,0,0,0.7956495,0.17413986,0.0260081,0.004202482
unacc,unacc,2,2,0.48319834,0.00012279676,0.51664865,3.0222309e-05
acc,acc,0,0,0.99916923,0.0002158003,0.0004468616,0.00016810963
acc,acc,0,0,0.9825083,8.691122e-05,0.01738129,2.3486296e-05
unacc,unacc,2,2,0.0026118357,3.201597e-05,0.99732816,2.7961809e-05
unacc,unacc,2,2,0.00011233803,1.5316113e-05,0.9998511,2.1216094e-05
acc,acc,0,0,0.9973844,0.0011480234,0.00024326368,0.001224304
acc,acc,0,0,0.9989326,0.00013409826,0.00045152372,0.00048180012
unacc,unacc,2,2,0.00012538364,4.326451e-05,0.99980444,2.693603e-05
unacc,unacc,2,2,8.367433e-05,2.5447962e-05,0.9998734,1.7342756e-05
unacc,unacc,2,2,0.00010220921,1.2694205e-05,0.9998752,9.893136e-06
unacc,unacc,2,2,0.011755703,4.66061e-05,0.9881809,1.6747204e-05
unacc,unacc,2,2,3.3615477e-05,7.927054e-06,0.9999541,4.4105414e-06
unacc,unacc,2,2,6.961136e-05,1.8833209e-05,0.9999013,1.0191388e-05
unacc,unacc,2,2,0.00013872905,5.2321353e-05,0.99977976,2.9140252e-05
unacc,unacc,2,2,3.0814306e-05,6.4370306e-06,0.9999579,4.8873753e-06
unacc,unacc,2,2,0.0004577545,2.8728864e-05,0.9994917,2.1874466e-05
unacc,unacc,2,2,8.02799e-05,7.98627e-06,0.9999058,5.9599033e-06
unacc,unacc,2,2,0.010877416,4.105967e-05,0.9890668,1.4838691e-05
acc,acc,0,0,0.9867237,0.000101556776,0.01315184,2.2886034e-05
unacc,unacc,2,2,3.0516327e-05,4.8277784e-06,0.999959,5.7218112e-06
acc,acc,0,0,0.99788547,0.00020298059,0.0017287319,0.00018283747
unacc,unacc,2,2,1.09074645e-05,3.3974068e-06,0.99998295,2.7417668e-06
acc,acc,0,0,0.80947846,8.266226e-05,0.19040808,3.0812105e-05
unacc,unacc,2,2,0.13892688,0.00013877047,0.8609072,2.7181844e-05
unacc,unacc,2,2,9.59471e-05,4.052424e-05,0.9998293,3.4207227e-05
vgood,vgood,3,3,0.00017151951,0.0008906142,4.6306694e-05,0.9988915
unacc,unacc,2,2,0.002117667,5.163006e-05,0.997799,3.171731e-05
unacc,unacc,2,2,2.4735007e-05,6.1986525e-06,0.9999628,6.13905e-06
unacc,unacc,2,2,3.4926597e-05,8.344238e-06,0.99995065,6.0793736e-06
acc,acc,0,0,0.9810375,0.0003834085,0.0004501712,0.018128928
unacc,unacc,2,2,0.00014910569,1.1680541e-05,0.99983144,7.747298e-06
acc,acc,0,0,0.9484421,0.04853318,0.0021080645,0.0009166742
unacc,unacc,2,2,1.4185567e-05,4.9470677e-06,0.99997616,4.7086546e-06
unacc,unacc,2,2,7.5696926e-06,2.6225707e-06,0.9999871,2.6225707e-06
vgood,vgood,3,3,0.022770979,0.0008470438,9.914371e-05,0.97628284
unacc,unacc,2,2,1.460279e-05,4.9470677e-06,0.99997616,4.231829e-06
good,good,1,1,0.006342594,0.9924806,0.0001423079,0.0010345331
unacc,unacc,2,2,5.7931473e-05,8.105639e-06,0.9999268,7.211634e-06
unacc,unacc,2,2,0.0002462196,1.5850535e-05,0.99972874,9.236214e-06
unacc,unacc,2,2,1.29935215e-05,5.2450914e-06,0.9999776,4.1722315e-06
acc,acc,0,0,0.67813164,9.5533425e-05,0.32173416,3.855903e-05
unacc,unacc,2,2,1.5139182e-05,5.781499e-06,0.9999738,5.2450714e-06
unacc,unacc,2,2,3.7787515e-05,6.3177868e-06,0.9999516,4.3509285e-06
unacc,unacc,2,2,1.6033251e-05,4.88746e-06,0.9999752,3.8146027e-06
acc,acc,0,0,0.95174956,0.00033143297,0.00030711197,0.047611896
unacc,unacc,2,2,4.2614913e-05,8.582584e-06,0.9999435,5.2449122e-06
unacc,unacc,2,2,0.0001362269,4.7733043e-05,0.99978477,3.122611e-05
unacc,unacc,2,2,3.8741033e-05,7.390597e-06,0.99994874,5.066135e-06
unacc,unacc,2,2,0.0005492576,2.6878817e-05,0.9994047,1.9131043e-05
unacc,unacc,2,2,4.1422893e-05,8.463382e-06,0.9999436,6.556141e-06
unacc,unacc,2,2,6.97366e-06,2.5033653e-06,0.9999881,2.3245534e-06
good,good,1,1,0.037719734,0.96093774,0.00085592293,0.00048661244
unacc,unacc,2,2,0.00040318188,2.5750232e-05,0.9995516,1.9491496e-05
unacc,unacc,2,2,4.917061e-05,1.0430129e-05,0.99993443,5.900473e-06
acc,acc,0,0,0.95730406,0.00032155428,0.042257335,0.00011703718
acc,acc,0,0,0.99215156,0.00011825133,0.0076596346,7.050974e-05
good,good,1,1,0.016039496,0.97769195,0.005173539,0.0010949894
unacc,unacc,2,2,0.00015720676,2.00233e-05,0.9998073,1.549422e-05
unacc,unacc,2,2,1.5258385e-05,5.423879e-06,0.99997354,5.7218945e-06
unacc,unacc,2,2,7.4498246e-05,1.531684e-05,0.99989855,1.1562128e-05
unacc,unacc,2,2,7.563083e-05,1.156216e-05,0.9999013,1.1383364e-05
acc,acc,0,0,0.58843917,9.323121e-05,0.4114191,4.852315e-05
vgood,vgood,3,3,0.0007305753,0.10895682,0.0001018132,0.8902108
acc,acc,0,0,0.99891806,0.000115859206,0.0007371125,0.00022897689
unacc,unacc,2,2,0.0044662408,6.108423e-05,0.99543387,3.885553e-05
unacc,unacc,2,2,0.010643654,2.622764e-05,0.9893181,1.2040871e-05
acc,acc,0,0,0.9653414,0.0019264409,0.032684643,4.7505364e-05
unacc,unacc,2,2,4.7084504e-05,1.215853e-05,0.99993277,8.046086e-06
unacc,unacc,2,2,8.344521e-06,3.6954307e-06,0.9999845,3.4570157e-06
unacc,unacc,2,2,2.002654e-05,6.6159105e-06,0.999969,4.231799e-06
acc,acc,0,0,0.9453226,0.00055027596,0.054077726,4.9412778e-05
unacc,unacc,2,2,0.000118292715,4.940285e-05,0.9998098,2.2466676e-05
unacc,unacc,2,2,9.201722e-05,2.6937683e-05,0.9998658,1.5316338e-05
acc,acc,0,0,0.99934685,7.5327844e-05,0.00038283708,0.00019499422
unacc,unacc,2,2,0.0017055313,2.3012271e-05,0.99825853,1.2936951e-05
unacc,unacc,2,2,0.0007430585,2.5038878e-05,0.9992201,1.18040425e-05
unacc,unacc,2,2,1.3887525e-05,6.0795173e-06,0.99997425,5.781502e-06
unacc,unacc,2,2,1.72849e-05,5.18547e-06,0.99997413,3.45698e-06
unacc,unacc,2,2,7.0387025e-05,9.83392e-06,0.99991393,5.900352e-06
unacc,unacc,2,2,9.291325e-05,8.939697e-06,0.9998882,9.9528625e-06
acc,acc,0,0,0.95884585,0.0006374392,0.0013072987,0.03920942
unacc,unacc,2,2,2.080146e-05,2.980152e-06,0.99997306,3.1589611e-06
unacc,unacc,2,2,9.029005e-05,1.7104452e-05,0.9998783,1.4303374e-05
acc,acc,0,0,0.9926829,5.626719e-05,0.007240347,2.0504145e-05
unacc,unacc,2,2,3.2959837e-05,8.284661e-06,0.9999535,5.185363e-06
unacc,unacc,2,2,8.1650636e-05,7.1518803e-06,0.99990535,5.7811035e-06
unacc,unacc,2,2,1.4662407e-05,4.649056e-06,0.9999771,3.5165936e-06
unacc,unacc,2,2,0.00013098471,4.332388e-05,0.9997993,2.645915e-05
unacc,unacc,2,2,0.00012538518,3.7544043e-05,0.9998167,2.0440646e-05
unacc,unacc,2,2,6.32353e-05,1.1979542e-05,0.99991727,7.509564e-06
unacc,unacc,2,2,1.5616079e-05,3.5762012e-06,0.9999783,2.5033407e-06
unacc,unacc,2,2,1.21590865e-05,4.887476e-06,0.99997854,4.410649e-06
unacc,unacc,2,2,4.1184703e-05,5.0661356e-06,0.99994886,4.8873308e-06
unacc,unacc,2,2,2.1635713e-05,7.748326e-06,0.99996424,6.3774687e-06
unacc,unacc,2,2,0.0020519989,3.0632185e-05,0.99789697,2.0381727e-05
acc,acc,0,0,0.999601,7.785062e-05,0.0002062505,0.00011486842
acc,acc,0,0,0.93944305,0.00018262667,0.060332604,4.1722804e-05
unacc,unacc,2,2,1.0251831e-05,3.158994e-06,0.99998355,3.0397869e-06
unacc,unacc,2,2,4.8752798e-05,1.87144e-05,0.99992204,1.04896e-05
unacc,unacc,2,2,0.00015220011,2.7055148e-05,0.99980193,1.8771743e-05
unacc,unacc,2,2,7.384292e-05,1.35885275e-05,0.999902,1.0548988e-05
acc,acc,0,0,0.6463747,0.00013277662,0.35345566,3.6829424e-05
unacc,unacc,2,2,0.00020602468,8.542632e-05,0.9996622,4.6319783e-05
acc,acc,0,0,0.97064424,7.0388814e-05,0.029188292,9.709007e-05
acc,acc,0,0,0.99760306,4.5122728e-05,0.0023327915,1.901473e-05
acc,acc,0,0,0.9995339,8.356757e-05,0.0002517756,0.00013077549
unacc,unacc,2,2,0.00012085752,2.2824668e-05,0.9998287,2.753263e-05
acc,acc,0,0,0.9734903,0.0019871665,0.024471516,5.1073705e-05
unacc,unacc,2,2,0.38985196,0.00026175633,0.60979974,8.653693e-05
unacc,unacc,2,2,9.559261e-05,2.4851694e-05,0.9998615,1.8117302e-05
unacc,unacc,2,2,1.8655706e-05,5.9006866e-06,0.9999707,4.827835e-06
unacc,unacc,2,2,7.497419e-05,2.3898767e-05,0.9998872,1.3826719e-05
unacc,unacc,2,2,2.4556211e-05,6.5562704e-06,0.9999633,5.602631e-06
unacc,unacc,2,2,1.8000053e-05,6.6159137e-06,0.9999695,5.9602826e-06
good,good,1,1,0.018156579,0.4989855,0.00022862603,0.4826293
unacc,unacc,2,2,0.0002058265,1.7460094e-05,0.9997671,9.474931e-06
