y_true,y_pred,y_true_encoded,y_pred_encoded,prob_bad,prob_good
bad,bad,0,0,0.7080415317785588,0.2919584682214412
bad,good,0,1,0.4980012573560638,0.5019987426439362
good,good,1,1,0.08049153942093867,0.9195084605790613
bad,good,0,1,0.4246770719907619,0.5753229280092381
bad,bad,0,0,0.5077165894456355,0.49228341055436453
good,good,1,1,0.43595510262187176,0.5640448973781282
bad,good,0,1,0.48131751680470825,0.5186824831952918
good,good,1,1,0.05734042929775007,0.9426595707022499
good,bad,1,0,0.57651266796352,0.4234873320364801
good,good,1,1,0.23036422202086948,0.7696357779791305
good,good,1,1,0.4860359164350533,0.5139640835649467
bad,good,0,1,0.2112889474848728,0.7887110525151272
good,good,1,1,0.30547656785116073,0.6945234321488393
good,good,1,1,0.306799317702958,0.693200682297042
good,good,1,1,0.17249463375760155,0.8275053662423985
good,good,1,1,0.16940740289256528,0.8305925971074347
good,good,1,1,0.19775649460636824,0.8022435053936318
bad,bad,0,0,0.734416360880259,0.265583639119741
bad,good,0,1,0.03971435262303491,0.9602856473769651
good,good,1,1,0.21148342385948105,0.788516576140519
bad,good,0,1,0.12564362598970757,0.8743563740102924
good,good,1,1,0.04113096798457905,0.958869032015421
good,good,1,1,0.16906978968814756,0.8309302103118524
bad,good,0,1,0.04449570318945062,0.9555042968105494
bad,good,0,1,0.35073966952923796,0.649260330470762
good,good,1,1,0.0028388066781421806,0.9971611933218578
good,good,1,1,0.09259788707047123,0.9074021129295288
good,good,1,1,0.13499055014542705,0.865009449854573
good,good,1,1,0.2116612979550354,0.7883387020449646
bad,good,0,1,0.37520699646915057,0.6247930035308494
good,bad,1,0,0.7467187108848969,0.2532812891151031
good,good,1,1,0.10567943421071113,0.8943205657892889
bad,bad,0,0,0.5406103333757577,0.45938966662424224
good,good,1,1,0.36931302917579556,0.6306869708242044
good,good,1,1,0.05998156790269926,0.9400184320973007
good,good,1,1,0.29166641494132983,0.7083335850586702
good,good,1,1,0.39580324789865273,0.6041967521013473
bad,bad,0,0,0.7341998440204618,0.2658001559795382
good,good,1,1,0.28456446016408865,0.7154355398359113
good,good,1,1,0.3020820430773118,0.6979179569226882
good,good,1,1,0.039161455682853674,0.9608385443171463
good,good,1,1,0.0827589600696712,0.9172410399303288
bad,good,0,1,0.3938184083519599,0.6061815916480401
good,good,1,1,0.48938872973314573,0.5106112702668543
bad,good,0,1,0.48612662636090875,0.5138733736390912
good,good,1,1,0.16770029291028388,0.8322997070897161
good,good,1,1,0.20564452190854277,0.7943554780914572
good,bad,1,0,0.774742181693518,0.225257818306482
good,good,1,1,0.2437778010651137,0.7562221989348863
bad,good,0,1,0.42994474488887724,0.5700552551111228
good,good,1,1,0.24648053968617123,0.7535194603138288
good,good,1,1,0.3921680339341306,0.6078319660658694
good,good,1,1,0.07756466923120409,0.9224353307687959
good,good,1,1,0.1876565325463494,0.8123434674536506
bad,bad,0,0,0.5830621117699266,0.41693788823007344
good,good,1,1,0.24260870728717032,0.7573912927128297
good,good,1,1,0.05137632660010494,0.9486236733998951
good,good,1,1,0.04889280131721718,0.9511071986827828
good,good,1,1,0.2213469229943381,0.7786530770056619
good,good,1,1,0.39402914146361534,0.6059708585363847
good,good,1,1,0.11133228323802635,0.8886677167619736
bad,good,0,1,0.3062654922539907,0.6937345077460093
bad,good,0,1,0.31470874471040833,0.6852912552895917
good,good,1,1,0.28353043953042223,0.7164695604695778
bad,good,0,1,0.1816398800500627,0.8183601199499373
good,bad,1,0,0.6864172199220162,0.3135827800779838
good,good,1,1,0.4153343521218562,0.5846656478781438
bad,good,0,1,0.4084488421859461,0.5915511578140539
bad,good,0,1,0.28807505654468035,0.7119249434553196
bad,bad,0,0,0.667044631075761,0.33295536892423905
good,good,1,1,0.22071444615594593,0.7792855538440541
bad,bad,0,0,0.7976067069341011,0.20239329306589898
good,bad,1,0,0.6163898216430932,0.38361017835690686
good,good,1,1,0.1345415414305684,0.8654584585694316
good,good,1,1,0.2021748985254267,0.7978251014745733
good,good,1,1,0.2148215057701871,0.7851784942298129
good,good,1,1,0.17864723829427065,0.8213527617057294
bad,good,0,1,0.20418977873959376,0.7958102212604062
bad,good,0,1,0.4968819310354089,0.5031180689645911
good,good,1,1,0.014237597398966684,0.9857624026010333
good,good,1,1,0.15793014326713994,0.8420698567328601
good,good,1,1,0.06122967418073044,0.9387703258192696
good,good,1,1,0.05575916686959126,0.9442408331304087
good,good,1,1,0.3378713937898956,0.6621286062101044
good,good,1,1,0.29853310551579537,0.7014668944842046
good,good,1,1,0.1605798425970434,0.8394201574029566
good,good,1,1,0.3420421935021629,0.6579578064978371
good,good,1,1,0.27256121967236124,0.7274387803276388
good,good,1,1,0.11034343909232691,0.8896565609076731
good,good,1,1,0.49459493360983153,0.5054050663901685
good,good,1,1,0.12227920076819421,0.8777207992318058
good,good,1,1,0.2765330487673635,0.7234669512326365
good,good,1,1,0.18696155683332105,0.813038443166679
good,good,1,1,0.05573400470433132,0.9442659952956687
good,good,1,1,0.1765164082617644,0.8234835917382356
good,good,1,1,0.45986127963258405,0.540138720367416
good,good,1,1,0.34303788608669306,0.6569621139133069
good,good,1,1,0.3663473537593275,0.6336526462406725
good,good,1,1,0.14250573065177097,0.857494269348229
bad,bad,0,0,0.6245655497706797,0.3754344502293203
good,good,1,1,0.06386189954203447,0.9361381004579655
good,good,1,1,0.12061467625169908,0.8793853237483009
bad,bad,0,0,0.6455927938350797,0.3544072061649203
good,good,1,1,0.03639638853605742,0.9636036114639426
good,good,1,1,0.2136222494905471,0.7863777505094529
good,bad,1,0,0.621316111605219,0.37868388839478095
good,bad,1,0,0.7023914231027351,0.297608576897265
bad,bad,0,0,0.8032221133846041,0.19677788661539589
good,good,1,1,0.40429791100225976,0.5957020889977402
good,good,1,1,0.10852333275027981,0.8914766672497202
bad,good,0,1,0.3104164367239486,0.6895835632760514
bad,good,0,1,0.3100901419987451,0.6899098580012549
bad,bad,0,0,0.5643886745678504,0.4356113254321497
good,good,1,1,0.4829426991878566,0.5170573008121434
bad,good,0,1,0.40429465891256,0.59570534108744
good,bad,1,0,0.7042094722903988,0.29579052770960124
bad,bad,0,0,0.5961236631424289,0.40387633685757107
good,good,1,1,0.2052215719753685,0.7947784280246315
bad,bad,0,0,0.6027692164096321,0.39723078359036795
good,good,1,1,0.3369985870349784,0.6630014129650216
bad,good,0,1,0.4334846697752739,0.5665153302247261
good,good,1,1,0.18955258631175653,0.8104474136882435
bad,bad,0,0,0.8881300369408682,0.11186996305913181
bad,good,0,1,0.11595136192694111,0.8840486380730589
good,good,1,1,0.267791066933464,0.732208933066536
good,good,1,1,0.18416664597586785,0.8158333540241322
good,good,1,1,0.18881476823293564,0.8111852317670644
good,good,1,1,0.12070250745982358,0.8792974925401764
good,good,1,1,0.01528272602438474,0.9847172739756153
bad,good,0,1,0.3110059176955944,0.6889940823044056
bad,good,0,1,0.09672040178478769,0.9032795982152123
good,good,1,1,0.4396991305806287,0.5603008694193713
good,good,1,1,0.2591709492881292,0.7408290507118708
good,good,1,1,0.20585749054807523,0.7941425094519248
good,good,1,1,0.26390360242367983,0.7360963975763202
good,good,1,1,0.18400489954671673,0.8159951004532833
good,bad,1,0,0.583796389262253,0.41620361073774703
good,good,1,1,0.16010374475488964,0.8398962552451104
bad,good,0,1,0.3521303335072645,0.6478696664927355
good,good,1,1,0.48763118126661253,0.5123688187333875
good,good,1,1,0.23408211588441796,0.765917884115582
good,good,1,1,0.08077171921065351,0.9192282807893465
good,good,1,1,0.329649879264151,0.670350120735849
good,bad,1,0,0.7353342552816391,0.2646657447183609
bad,bad,0,0,0.579959671077839,0.420040328922161
bad,good,0,1,0.08448060422530224,0.9155193957746978
good,good,1,1,0.05213736155527393,0.9478626384447261
good,good,1,1,0.13394070812697545,0.8660592918730246
bad,good,0,1,0.45317184197904803,0.546828158020952
good,good,1,1,0.281502603350402,0.718497396649598
