y_true,y_pred,y_true_encoded,y_pred_encoded,prob_0,prob_1
1,1,1,1,0.022090858232124422,0.9779091417678756
1,0,1,0,0.7494667531636439,0.2505332468363562
0,1,0,1,0.2482794135041626,0.7517205864958374
0,0,0,0,0.8922531097260358,0.10774689027396418
0,0,0,0,0.9499841810289814,0.05001581897101861
0,0,0,0,0.8102534687858367,0.1897465312141633
1,1,1,1,0.006704038088287345,0.9932959619117127
1,0,1,0,0.5823544264997442,0.4176455735002558
0,0,0,0,0.8661838786950197,0.13381612130498036
1,1,1,1,0.045543388909773164,0.9544566110902268
1,1,1,1,0.015508300065759095,0.9844916999342409
1,1,1,1,0.3269597119269423,0.6730402880730577
0,1,0,1,0.376178801286683,0.623821198713317
1,1,1,1,0.3682845456767678,0.6317154543232322
0,0,0,0,0.9660327417091037,0.03396725829089628
0,1,0,1,0.4159021390728329,0.5840978609271671
1,1,1,1,0.08020856773864982,0.9197914322613502
1,1,1,1,0.02768159153919081,0.9723184084608092
1,0,1,0,0.5407341153428756,0.45926588465712437
1,1,1,1,0.0621708233063929,0.9378291766936071
1,1,1,1,0.02092954673707026,0.9790704532629297
0,0,0,0,0.8372257625305741,0.1627742374694259
0,0,0,0,0.9939018227057387,0.006098177294261375
0,1,0,1,0.07762358213645859,0.9223764178635414
0,0,0,0,0.9409417027692979,0.05905829723070212
1,0,1,0,0.519253141148167,0.480746858851833
1,1,1,1,0.4642718382123334,0.5357281617876666
0,0,0,0,0.9850901790030087,0.014909820996991376
1,1,1,1,0.027247129993349994,0.97275287000665
0,0,0,0,0.9393905178238185,0.06060948217618149
1,1,1,1,0.29455217714194726,0.7054478228580527
1,1,1,1,0.016340341334932784,0.9836596586650672
0,0,0,0,0.9754255230672181,0.024574476932781943
1,1,1,1,0.02377576350301014,0.9762242364969899
1,1,1,1,0.27380618231213083,0.7261938176878692
0,0,0,0,0.8724667862785063,0.12753321372149368
0,0,0,0,0.9617967262888115,0.03820327371118849
1,0,1,0,0.9443424442396875,0.05565755576031246
0,0,0,0,0.9085170167481745,0.0914829832518255
0,0,0,0,0.9748144919228652,0.025185508077134818
0,0,0,0,0.9848797986924296,0.015120201307570382
0,1,0,1,0.16296172888270133,0.8370382711172987
0,0,0,0,0.6886548667480308,0.3113451332519692
0,0,0,0,0.8094092839087845,0.19059071609121553
0,0,0,0,0.9893390623639352,0.010660937636064781
1,1,1,1,0.08010793469951238,0.9198920653004876
1,1,1,1,0.011978680993558366,0.9880213190064416
0,0,0,0,0.9810525548268263,0.018947445173173736
0,0,0,0,0.9403852568306886,0.05961474316931138
0,0,0,0,0.9784071371647072,0.021592862835292874
0,1,0,1,0.11858594042893911,0.8814140595710609
0,0,0,0,0.9654766748772805,0.03452332512271948
1,1,1,1,0.1381603938660786,0.8618396061339214
1,1,1,1,0.04083822709284557,0.9591617729071544
1,1,1,1,0.17937294312221186,0.8206270568777881
0,0,0,0,0.9802389780574767,0.019761021942523292
0,0,0,0,0.9649138867839452,0.03508611321605484
1,1,1,1,0.4905422211289676,0.5094577788710324
0,0,0,0,0.9686689367627477,0.03133106323725237
1,1,1,1,0.03917219889039947,0.9608278011096005
1,1,1,1,0.046384174125395417,0.9536158258746046
1,1,1,1,0.09359989501777144,0.9064001049822286
0,0,0,0,0.5657005131865513,0.43429948681344865
0,1,0,1,0.27969581619284334,0.7203041838071567
0,0,0,0,0.9869089461245018,0.013091053875498278
1,1,1,1,0.061512611333636724,0.9384873886663633
0,0,0,0,0.8666614519150321,0.1333385480849679
1,1,1,1,0.043783907554291845,0.9562160924457082
1,1,1,1,0.05626218633045721,0.9437378136695428
0,1,0,1,0.34206352651536864,0.6579364734846314
0,0,0,0,0.5459886584078038,0.4540113415921962
0,0,0,0,0.8904650125923792,0.10953498740762084
1,1,1,1,0.11415012238592537,0.8858498776140746
0,1,0,1,0.422047773092632,0.577952226907368
1,1,1,1,0.1016879716862985,0.8983120283137015
0,1,0,1,0.3286234741956704,0.6713765258043296
1,1,1,1,0.018595583920535286,0.9814044160794647
0,0,0,0,0.9592915305299937,0.040708469470006246
0,0,0,0,0.9512583197365001,0.04874168026349991
1,1,1,1,0.025767130587133313,0.9742328694128667
0,0,0,0,0.5900476904023665,0.4099523095976335
0,0,0,0,0.561434660276768,0.438565339723232
0,0,0,0,0.9535122181106742,0.0464877818893258
1,1,1,1,0.01210526126394773,0.9878947387360523
1,1,1,1,0.14106934032275764,0.8589306596772424
0,0,0,0,0.8974091090050004,0.10259089099499963
1,1,1,1,0.26760672363686877,0.7323932763631312
0,0,0,0,0.9352306465168175,0.06476935348318247
0,0,0,0,0.9216156612887156,0.07838433871128438
0,0,0,0,0.9803308404910916,0.019669159508908348
0,0,0,0,0.975156064089917,0.024843935910083076
0,0,0,0,0.9815185486010555,0.01848145139894455
1,1,1,1,0.005315989815740996,0.994684010184259
0,0,0,0,0.973361299246611,0.02663870075338899
1,1,1,1,0.015859526446962757,0.9841404735530372
1,1,1,1,0.050386787777274455,0.9496132122227255
1,1,1,1,0.02354143553711996,0.97645856446288
0,0,0,0,0.9495831194022555,0.05041688059774453
0,0,0,0,0.9672020559796081,0.032797944020391955
1,1,1,1,0.07676933748265802,0.923230662517342
1,1,1,1,0.009308453386280724,0.9906915466137193
0,0,0,0,0.9532071926020054,0.04679280739799462
0,0,0,0,0.9867434627456404,0.013256537254359603
0,0,0,0,0.9780081882231199,0.021991811776880196
