y_true,y_pred,prob_0,prob_1,prob_2
2,3,0.2425,0.2675,0.49
1,3,0.025,0.4110833333333334,0.5639166666666666
1,1,0.89,0.04166666666666667,0.06833333333333333
1,1,0.84,0.025,0.135
3,3,0.475,0.018000000000000002,0.507
3,1,0.41833333333333333,0.21166666666666673,0.37
1,3,0.1,0.405,0.495
3,1,0.555,0.28,0.165
3,3,0.14,0.115,0.745
3,3,0.115,0.32,0.565
1,3,0.45,0.075,0.475
1,1,0.405,0.39666666666666667,0.19833333333333333
1,3,0.385,0.125,0.49
1,3,0.05583333333333333,0.005,0.9391666666666667
2,2,0.235,0.48,0.285
1,1,0.98,0.0,0.02
1,1,0.9,0.055,0.045
1,1,0.755,0.005,0.24
3,3,0.05166666666666666,0.445,0.5033333333333334
3,2,0.12,0.6704166666666667,0.20958333333333334
1,1,0.77,0.17,0.06
3,2,0.03,0.6380714285714286,0.3319285714285714
3,3,0.12,0.07,0.81
1,1,0.415,0.27,0.315
2,2,0.08,0.7808333333333333,0.13916666666666666
1,3,0.36,0.005,0.635
3,3,0.02,0.03,0.95
1,1,0.92,0.025,0.055
1,1,0.55,0.255,0.195
1,1,0.72,0.14,0.14
1,1,0.445,0.2,0.355
1,1,0.69,0.205,0.105
1,1,0.625,0.24,0.135
1,2,0.225,0.5633333333333332,0.21166666666666664
3,1,0.49666666666666665,0.0545,0.4488333333333333
1,3,0.12083333333333332,0.07583333333333334,0.8033333333333332
1,2,0.07,0.8483333333333334,0.08166666666666668
3,1,0.54,0.22591666666666668,0.2340833333333333
1,1,0.8,0.08,0.12
3,2,0.03,0.86,0.11
1,1,0.5685416666666666,0.16583333333333336,0.265625
2,3,0.05,0.4425,0.5075
3,1,0.695,0.09,0.215
1,1,0.975,0.01,0.015
2,1,0.91,0.025,0.065
2,1,0.677,0.09449999999999999,0.2285
1,1,0.945,0.005,0.05
2,1,0.37375,0.26,0.36625
1,1,0.43,0.235,0.335
3,1,0.665,0.01,0.325
3,3,0.27483333333333343,0.09,0.6351666666666668
1,3,0.04,0.02,0.94
2,2,0.26,0.565,0.175
1,1,0.855,0.04,0.105
2,2,0.245,0.57,0.185
1,3,0.325,0.02875,0.64625
1,3,0.25,0.215,0.535
3,3,0.4433333333333333,0.034166666666666665,0.5225
1,3,0.02,0.34999206349206363,0.6300079365079362
2,3,0.46583333333333327,0.03,0.5041666666666668
3,3,0.335,0.18,0.485
3,1,0.66,0.09,0.25
1,1,0.7585,0.07,0.17149999999999999
1,3,0.4050654761904761,0.055,0.5399345238095239
2,2,0.14833333333333332,0.84,0.011666666666666665
2,2,0.055,0.545,0.4
1,1,0.945,0.035,0.02
2,3,0.035,0.165,0.8
2,1,0.735,0.16416666666666666,0.10083333333333334
2,1,0.44,0.22,0.34
1,1,0.55,0.185,0.265
3,3,0.0,0.29466666666666663,0.7053333333333335
1,2,0.35166666666666674,0.395,0.2533333333333333
1,1,0.42,0.225,0.355
1,2,0.26,0.44549999999999995,0.2945
2,1,0.695,0.285,0.02
3,1,0.57,0.2525595238095238,0.17744047619047618
1,1,0.96,0.0,0.04
3,2,0.165,0.4808333333333333,0.35416666666666674
3,2,0.36,0.5475,0.0925
3,2,0.235,0.43972619047619055,0.3252738095238095
3,1,0.61,0.23,0.16
2,2,0.195,0.46714285714285714,0.33785714285714286
3,3,0.285,0.145,0.57
3,1,0.37,0.295,0.335
3,3,0.11,0.2466666666666667,0.6433333333333334
1,1,0.425,0.175,0.4
3,2,0.16,0.665,0.175
3,2,0.06,0.6425,0.2975
3,3,0.17666666666666664,0.1745,0.6488333333333333
3,3,0.315,0.095,0.59
1,1,0.945,0.055,0.0
1,3,0.345,0.245,0.41
2,2,0.21,0.71375,0.07625
3,3,0.33549999999999996,0.255,0.40950000000000003
1,1,0.63,0.16,0.21
1,3,0.405,0.06,0.535
2,2,0.26,0.41,0.33
1,1,0.905,0.0,0.095
3,3,0.175,0.145,0.68
1,1,0.405,0.2816666666666666,0.31333333333333335
2,2,0.13541666666666669,0.6970833333333333,0.1675
3,3,0.0425,0.0275,0.93
3,3,0.1925,0.26,0.5475
2,2,0.01,0.7958333333333333,0.19416666666666668
3,3,0.355,0.075,0.57
2,3,0.2683333333333333,0.22666666666666666,0.505
3,3,0.385,0.1325,0.4825
3,3,0.38,0.045,0.575
3,2,0.04,0.73,0.23
1,1,0.47,0.065,0.465
1,1,0.87,0.025,0.105
1,1,0.49575,0.08175,0.4225
1,1,0.71,0.025,0.265
3,2,0.15166666666666667,0.485,0.3633333333333333
2,1,0.575,0.33,0.095
3,1,0.7966666666666665,0.03833333333333333,0.165
3,1,0.5158333333333334,0.019166666666666665,0.465
1,1,0.64,0.155,0.205
3,2,0.3167261904761905,0.36,0.32327380952380946
2,2,0.065,0.5556547619047618,0.3793452380952381
2,2,0.08007142857142856,0.5101785714285714,0.40974999999999995
2,1,0.765,0.165,0.07
1,3,0.105,0.35041666666666665,0.5445833333333333
2,1,0.3825,0.27,0.3475
2,1,0.5154166666666666,0.2195,0.26508333333333334
2,1,0.785,0.115,0.1
1,1,0.845,0.09,0.065
3,1,0.595,0.1,0.305
3,1,0.6,0.08,0.32
2,1,0.57,0.305,0.125
1,3,0.35,0.04,0.61
2,2,0.2175833333333333,0.4075714285714286,0.374845238095238
1,2,0.335,0.37,0.295
3,3,0.085,0.3791666666666667,0.5358333333333334
1,1,0.9883333333333333,0.005,0.006666666666666666
3,3,0.07,0.21,0.72
1,1,0.705,0.05,0.245
3,2,0.355,0.6225,0.0225
1,2,0.34,0.455,0.205
3,3,0.19841666666666669,0.22,0.5815833333333333
1,1,0.895,0.02,0.085
2,3,0.23,0.27,0.5
2,2,0.03,0.5285833333333334,0.4414166666666667
3,1,0.485,0.11416666666666667,0.4008333333333334
1,1,0.945,0.02,0.035
1,1,0.96,0.03,0.01
3,3,0.1985,0.195,0.6065
1,1,0.675,0.25,0.075
3,3,0.045,0.02,0.935
1,1,0.7,0.18,0.12
3,3,0.4045,0.17133333333333337,0.4241666666666667
1,3,0.325,0.05,0.625
3,1,0.555,0.0,0.445
3,3,0.05083333333333334,0.01,0.9391666666666666
2,3,0.1525,0.26,0.5875
2,1,0.8299166666666667,0.07,0.10008333333333333
1,1,0.95,0.01,0.04
1,1,0.6725,0.18,0.1475
1,3,0.42,0.14,0.44
2,2,0.15,0.48999999999999994,0.36
3,1,0.4915992063492064,0.4482341269841269,0.06016666666666667
3,2,0.345,0.6,0.055
1,1,0.86,0.04,0.1
2,1,0.53,0.195,0.275
1,1,0.92,0.025,0.055
1,2,0.19,0.685,0.125
1,1,0.6908333333333333,0.05166666666666666,0.2575
1,1,0.94,0.045,0.015
1,1,0.61875,0.22,0.16125
1,1,0.7,0.015,0.285
2,2,0.09,0.47,0.44
2,3,0.2843333333333333,0.225,0.4906666666666667
2,3,0.09,0.165,0.745
1,3,0.39,0.13,0.48
3,1,0.425,0.26,0.315
3,2,0.335,0.51,0.155
1,1,0.6316666666666668,0.17333333333333337,0.195
1,1,0.86,0.115,0.025
2,2,0.017916666666666664,0.6408968253968255,0.34118650793650807
2,3,0.205,0.325,0.47
3,1,0.405,0.32,0.275
3,3,0.02,0.08,0.9
1,1,0.915,0.04833333333333333,0.03666666666666667
1,1,0.485,0.22,0.295
1,1,0.925,0.034166666666666665,0.04083333333333334
3,3,0.295,0.215,0.49
2,1,0.6,0.155,0.245
3,1,0.53,0.0275,0.4425
1,3,0.39,0.065,0.545
2,2,0.23,0.6758333333333334,0.09416666666666668
1,2,0.3035,0.6035,0.09300000000000001
1,3,0.05,0.025,0.925
2,1,0.775,0.135,0.09
3,3,0.1,0.01,0.89
3,1,0.535,0.3291666666666667,0.13583333333333333
2,3,0.145,0.24,0.615
3,1,0.505,0.375,0.12
3,1,0.465,0.175,0.36
3,1,0.625,0.085,0.29
1,1,0.975,0.02,0.005
3,3,0.01,0.09583333333333333,0.8941666666666666
1,1,0.89,0.005,0.105
3,1,0.5154166666666666,0.2195,0.26508333333333334
3,1,0.795,0.065,0.14
3,2,0.01,0.7958333333333333,0.19416666666666668
2,3,0.29591666666666666,0.22666666666666668,0.47741666666666666
3,2,0.075,0.76,0.165
2,1,0.725,0.0,0.275
1,3,0.06333333333333332,0.32666666666666666,0.61
1,2,0.07,0.715,0.215
3,1,0.72,0.04166666666666666,0.23833333333333337
3,3,0.115,0.13,0.755
1,1,0.785,0.1,0.115
3,1,0.35,0.315,0.335
1,3,0.0605,0.145,0.7945
2,1,0.565,0.2366666666666667,0.19833333333333336
1,3,0.36,0.1,0.54
1,1,0.745,0.235,0.02
1,1,0.98,0.0,0.02
2,2,0.0,0.895,0.105
